unit,source_fd,true_RUL,xgb_pred,xgb_lower,xgb_upper,cnnlstm_pred,cnnlstm_lower,cnnlstm_upper,ensemble_pred,ensemble_lower,ensemble_upper
FD001_1,FD001,112.0,110.72834,87.657906,133.79877,123.61655,89.82959,157.4035,116.37828231854866,90.87799423122661,141.8785704058707
FD001_2,FD001,98.0,119.42481,96.35438,142.49524,120.65349,86.86653,154.44044,119.96344020618656,94.46315211886451,145.4637282935086
FD001_3,FD001,69.0,43.33125,20.260815,66.40169,44.82876,11.041798,78.61572,43.987728420220996,18.487440332898952,69.48801650754304
FD001_4,FD001,82.0,81.082504,58.01207,104.15294,100.87034,67.083374,134.6573,89.75711069384866,64.25682260652661,115.2573987811707
FD001_5,FD001,91.0,106.67298,83.60255,129.74341,95.53967,61.752712,129.32663,101.79235269958329,76.29206461226124,127.29264078690534
FD001_6,FD001,93.0,109.48196,86.41152,132.5524,107.91037,74.12341,141.69733,108.79300309907069,83.29271501174864,134.29329118639274
FD001_7,FD001,91.0,103.91968,80.84924,126.99011,124.02772,90.24075,157.81468,112.73465617919462,87.23436809187257,138.23494426651666
FD001_8,FD001,95.0,112.50171,89.431274,135.57214,53.899616,20.112656,87.68658,86.8116771338999,61.31138904657786,112.31196522122195
FD001_9,FD001,111.0,119.64526,96.57483,142.7157,122.57997,88.793015,156.36693,120.9317831331392,95.43149504581716,146.43207122046124
FD001_10,FD001,96.0,89.79588,66.72545,112.86632,73.80033,40.01337,107.587296,82.78374039113535,57.283452303813306,108.2840284784574
FD001_11,FD001,97.0,104.30267,81.23224,127.37311,92.01027,58.22331,125.797226,98.91391945770874,73.4136313703867,124.41420754503079
FD001_12,FD001,124.0,103.76783,80.697395,126.838264,93.19952,59.412556,126.98648,99.13488420576363,73.63459611844158,124.63517229308567
FD001_13,FD001,95.0,84.85914,61.788704,107.92957,108.78918,75.00221,142.57614,95.34960770657848,69.84931961925643,120.84989579390053
FD001_14,FD001,107.0,100.40992,77.339485,123.480354,121.92091,88.13396,155.70787,109.83992631427394,84.33963822695189,135.34021440159597
FD001_15,FD001,83.0,102.981094,79.91066,126.05153,98.88349,65.09653,132.67046,101.18478397872622,75.68449589140417,126.68507206604826
FD001_16,FD001,84.0,99.32766,76.257225,122.398094,94.48447,60.697506,128.27142,97.20449679829125,71.7042087109692,122.7047848856133
FD001_17,FD001,50.0,50.99107,27.920635,74.06151,55.487343,21.700382,89.27431,52.962149531972244,27.4618614446502,78.46243761929429
FD001_18,FD001,28.0,28.154339,5.0839043,51.224773,29.535168,-4.251793,63.32213,28.759667685297238,3.259379597975194,54.25995577261928
FD001_19,FD001,87.0,101.18851,78.11807,124.25894,77.31046,43.523502,111.09743,90.72083117510425,65.2205430877822,116.2211192624263
FD001_20,FD001,16.0,10.163091,-12.907344,33.233524,16.570374,-17.216587,50.357334,12.971920429434858,-12.528367657887186,38.4722085167569
FD001_21,FD001,57.0,56.591675,33.52124,79.66211,64.314644,30.527683,98.10161,59.977276098451355,34.47698801112931,85.4775641857734
FD001_22,FD001,111.0,117.59811,94.52767,140.66855,119.87752,86.09056,153.66447,118.59735652305912,93.09706843573707,144.09764461038117
FD001_23,FD001,113.0,118.256935,95.1865,141.32736,124.39762,90.61066,158.18459,120.94889392934208,95.44860584202003,146.4491820166641
FD001_24,FD001,20.0,22.628716,-0.44171906,45.69915,17.316246,-16.470715,51.103207,20.29983093405521,-5.200457153266836,45.800119021377256
FD001_25,FD001,125.0,118.74246,95.67203,141.8129,124.21709,90.43013,158.00404,121.14243244302591,95.64214435570386,146.64272053034796
FD001_26,FD001,119.0,116.653465,93.58303,139.7239,124.45961,90.67265,158.24657,120.07552917613603,94.57524108881398,145.57581726345808
FD001_27,FD001,66.0,100.05728,76.98685,123.127716,123.140915,89.35396,156.92787,110.17670300455066,84.67641491722861,135.6769910918727
FD001_28,FD001,97.0,97.201515,74.13108,120.27195,123.4868,89.699844,157.27376,108.72447967974166,83.22419159241961,134.2247677670637
FD001_29,FD001,90.0,102.605385,79.53495,125.67582,82.43427,48.647312,116.22124,93.76275673881669,68.26246865149464,119.26304482613874
FD001_30,FD001,115.0,115.597176,92.52674,138.6676,122.65427,88.86731,156.44122,118.69086863693849,93.19058054961644,144.19115672426054
FD001_31,FD001,8.0,11.146433,-11.924002,34.216866,16.264484,-17.522476,50.051445,13.390088361168337,-12.110199726153708,38.89037644849038
FD001_32,FD001,48.0,47.738155,24.66772,70.80859,63.955288,30.168327,97.74225,54.84743479008148,29.347146702759435,80.34772287740353
FD001_33,FD001,106.0,112.27008,89.199646,135.34052,124.05582,90.26886,157.84277,117.43672088942496,91.93643280210291,142.937008976747
FD001_34,FD001,7.0,6.3698945,-16.70054,29.440329,7.018654,-26.768307,40.805614,6.654298149061312,-18.845989938260733,32.15458623638335
FD001_35,FD001,11.0,13.174134,-9.8963,36.244568,22.125145,-11.661816,55.912106,17.098085419297313,-8.402202668024731,42.59837350661935
FD001_36,FD001,19.0,22.81883,-0.25160408,45.889267,30.55542,-3.2315407,64.34238,26.21040269535655,0.7101146080345053,51.7106907826786
FD001_37,FD001,21.0,25.197712,2.1272774,48.268147,38.79786,5.0108986,72.58482,31.15975527104253,5.659467183720487,56.660043358364575
FD001_38,FD001,50.0,48.927235,25.8568,71.997665,65.542114,31.755154,99.32907,56.21087873721277,30.710590649890722,81.71116682453481
FD001_39,FD001,125.0,123.39721,100.326775,146.46765,124.43446,90.64751,158.22142,123.8519215440752,98.35163345675315,149.35220963139724
FD001_40,FD001,28.0,37.409737,14.339302,60.48017,27.354343,-6.432617,61.141304,33.00164538648741,7.501357299165367,58.50193347380946
FD001_41,FD001,18.0,25.695362,2.6249275,48.765797,32.317657,-1.4693031,66.104614,28.59844918681882,3.0981610994967745,54.09873727414086
FD001_42,FD001,10.0,12.062121,-11.008313,35.132557,22.085487,-11.701473,55.872448,16.456172509259055,-9.04411557806299,41.956460596581096
FD001_43,FD001,59.0,62.903973,39.833538,85.97441,83.130066,49.343105,116.91702,71.77070342948872,46.27041534216667,97.27099151681077
FD001_44,FD001,109.0,99.189026,76.11859,122.25946,123.726776,89.93982,157.51373,109.945904273614,84.44561618629196,135.44619236093604
FD001_45,FD001,114.0,65.01062,41.940186,88.081055,97.59486,63.807896,131.38182,79.2949233768196,53.79463528949755,104.79521146414164
FD001_46,FD001,47.0,46.31511,23.244675,69.385544,32.150654,-1.6363068,65.937614,40.10568406530119,14.605395977979146,65.60597215262324
FD001_47,FD001,125.0,108.426544,85.35611,131.49698,110.94673,77.159775,144.73369,109.53134592908043,84.03105784175838,135.03163401640248
FD001_48,FD001,92.0,111.85397,88.78354,134.92441,71.441025,37.654064,105.22798,94.13771295620121,68.63742486887917,119.63800104352326
FD001_49,FD001,21.0,14.423958,-8.646477,37.494392,19.766808,-14.020153,53.55377,16.766160523427466,-8.734127563894578,42.26644861074951
FD001_50,FD001,79.0,102.48082,79.410385,125.551254,104.371635,70.58467,138.1586,103.30971700220067,77.80942891487862,128.81000508952272
FD001_51,FD001,114.0,96.1474,73.076965,119.217834,112.39392,78.606964,146.18088,103.26956264967134,77.7692745623493,128.7698507369934
FD001_52,FD001,29.0,29.719227,6.6487923,52.78966,42.654396,8.867435,76.44136,35.38975656909308,9.889468481771036,60.89004465641513
FD001_53,FD001,26.0,27.433908,4.363474,50.50434,43.43226,9.645298,77.21922,34.44727787482227,8.946989787500225,59.94756596214431
FD001_54,FD001,97.0,112.154594,89.08416,135.22504,124.51391,90.726944,158.30087,117.57268027029555,92.0723921829735,143.07296835761758
FD001_55,FD001,125.0,109.99023,86.91979,133.06067,118.01062,84.22366,151.79758,113.50621314686202,88.00592505953998,139.00650123418407
FD001_56,FD001,15.0,16.50992,-6.5605145,39.580353,21.37524,-12.41172,55.1622,18.642783047084098,-6.857505040237946,44.14307113440614
FD001_57,FD001,103.0,93.06735,69.99692,116.13779,111.85272,78.065765,145.63968,101.30249762460525,75.8022095372832,126.8027857119273
FD001_58,FD001,37.0,47.315956,24.245522,70.38639,47.029755,13.242794,80.81671,47.19049088543912,21.690202798117074,72.69077897276117
FD001_59,FD001,114.0,112.93223,89.86179,136.00266,122.890526,89.10356,156.67749,117.29775453757003,91.79746645024798,142.79804262489208
FD001_60,FD001,100.0,106.15848,83.08804,129.22891,118.266815,84.47986,152.05377,111.46654032777994,85.96625224045789,136.966828415102
FD001_61,FD001,21.0,19.112951,-3.9574833,42.183388,22.721321,-11.0656395,56.50828,20.694791302685875,-4.805496784636169,46.19507939000792
FD001_62,FD001,54.0,49.498547,26.428112,72.568985,62.158344,28.371384,95.945305,55.04835873333127,29.548070646009226,80.54864682065332
FD001_63,FD001,72.0,80.79168,57.721245,103.862114,66.43906,32.652096,100.22601,74.49976514537687,48.99947705805482,100.00005323269892
FD001_64,FD001,28.0,31.238157,8.167723,54.308594,27.59985,-6.187111,61.38681,29.643193116341738,4.142905029019694,55.14348120366378
FD001_65,FD001,125.0,122.64919,99.57876,145.71964,123.961205,90.17424,157.74817,123.22435354690712,97.72406545958508,148.72464163422916
FD001_66,FD001,14.0,20.683994,-2.3864403,43.75443,22.679882,-11.107079,56.466843,21.558953149298098,-3.941334938023946,47.05924123662014
FD001_67,FD001,77.0,114.80939,91.73895,137.87982,115.57046,81.78349,149.35742,115.14302578690847,89.64273769958642,140.6433138742305
FD001_68,FD001,8.0,8.33098,-14.739454,31.401415,9.022774,-24.764187,42.809734,8.634249258055561,-16.866038829266483,34.13453734537761
FD001_69,FD001,121.0,122.5204,99.44997,145.59084,124.32376,90.536804,158.11072,123.3109593802616,97.81067129293955,148.81124746758363
FD001_70,FD001,94.0,95.50808,72.437645,118.578514,109.40483,75.617874,143.19179,101.60014842041161,76.09986033308957,127.10043650773366
FD001_71,FD001,118.0,117.2669,94.196465,140.33734,112.177124,78.39017,145.96408,115.03563947400376,89.53535138668171,140.5359275613258
FD001_72,FD001,50.0,67.90898,44.838547,90.979416,77.764496,43.977535,111.55145,72.22944959040629,46.72916150308424,97.72973767772834
FD001_73,FD001,125.0,113.72855,90.65812,136.79898,107.15532,73.36836,140.94228,110.84697399803575,85.3466859107137,136.34726208535778
FD001_74,FD001,125.0,115.213295,92.14286,138.28372,79.37801,45.591053,113.16498,99.50379594065203,74.00350785332998,125.00408402797407
FD001_75,FD001,113.0,109.8605,86.79006,132.93094,109.11966,75.3327,142.90662,109.53572776733144,84.03543968000939,135.03601585465347
FD001_76,FD001,10.0,10.428136,-12.642299,33.49857,16.381424,-17.405537,50.168385,13.03794301679103,-12.462345070531015,38.53823110411307
FD001_77,FD001,34.0,36.346527,13.276093,59.41696,37.243683,3.4567223,71.03064,36.739822953300134,11.23953486597809,62.24011104062218
FD001_78,FD001,107.0,114.1758,91.10536,137.24623,124.56521,90.778244,158.35217,118.7303151411602,93.23002705383816,144.23060322848224
FD001_79,FD001,63.0,70.36134,47.29091,93.43178,121.91312,88.12616,155.70007,92.9606505102378,67.46036242291575,118.46093859755985
FD001_80,FD001,90.0,88.76601,65.69557,111.83644,95.45844,61.671482,129.2454,91.69984196189316,66.19955387457111,117.2001300492152
FD001_81,FD001,8.0,7.9957705,-15.074664,31.066204,7.0274467,-26.759514,40.814407,7.571275940218586,-17.929012147103457,33.07156402754063
FD001_82,FD001,9.0,7.603045,-15.46739,30.67348,12.590488,-21.196472,46.37745,9.789444396910714,-15.71084369041133,35.28973248423276
FD001_83,FD001,125.0,125.74823,102.677795,148.81866,124.33232,90.545364,158.11928,125.1275227529103,99.62723466558825,150.62781084023234
FD001_84,FD001,58.0,74.82306,51.752625,97.89349,55.355118,21.568157,89.142075,66.28868755629458,40.78839946897253,91.78897564361662
FD001_85,FD001,118.0,120.980484,97.91005,144.05092,123.209236,89.42227,156.9962,121.95752613623924,96.45723804891719,147.4578142235613
FD001_86,FD001,89.0,106.488396,83.41796,129.55884,91.926926,58.139965,125.71388,100.10492692050805,74.604638833186,125.6052150078301
FD001_87,FD001,116.0,119.78099,96.710556,142.85143,124.14292,90.35596,157.92989,121.693177301578,96.19288921425596,147.19346538890005
FD001_88,FD001,115.0,121.12284,98.05241,144.19327,115.015366,81.22841,148.80232,118.44544102846075,92.9451529411387,143.9457291157828
FD001_89,FD001,125.0,119.57382,96.50339,142.64426,88.482666,54.695705,122.26962,105.94405641631123,80.44376832898918,131.44434450363326
FD001_90,FD001,28.0,28.987848,5.9174137,52.05828,31.843275,-1.9436855,65.63023,30.239612539848597,4.739324452526553,55.73990062717064
FD001_91,FD001,38.0,33.125713,10.055279,56.196148,23.850563,-9.936398,57.637524,29.059665611042327,3.5593775237202827,54.55995369836437
FD001_92,FD001,20.0,22.673326,-0.39710808,45.74376,24.69154,-9.095421,58.4785,23.55807242567778,-1.9422156616442656,49.058360512999826
FD001_93,FD001,85.0,49.354137,26.283703,72.424576,47.605507,13.818546,81.39247,48.58757138614145,23.087283298819404,74.0878594734635
FD001_94,FD001,55.0,77.9851,54.914665,101.055534,42.206184,8.419224,75.99315,62.30031050740877,36.80002242008672,87.80059859473081
FD001_95,FD001,125.0,117.137245,94.06681,140.20767,123.018875,89.23192,156.80583,119.7156387733628,94.21535068604075,145.21592686068485
FD001_96,FD001,125.0,118.74804,95.677605,141.81848,119.675995,85.88904,153.46295,119.15483716883625,93.6545490815142,144.6551252561583
FD001_97,FD001,82.0,94.625404,71.55497,117.69584,78.215324,44.428364,112.00229,87.43154050411765,61.9312524167956,112.9318285914397
FD001_98,FD001,59.0,60.704594,37.63416,83.775024,54.6475,20.860538,88.43446,58.04927973972126,32.54899165239921,83.5495678270433
FD001_99,FD001,117.0,117.43731,94.366875,140.50775,110.766235,76.97928,144.55319,114.51283859702562,89.01255050970357,140.01312668434767
FD001_100,FD001,20.0,25.458286,2.3878517,48.52872,21.488144,-12.298817,55.275105,23.717852129876174,-1.7824359574458697,49.21814021719822
FD002_1,FD002,18.0,16.97011,-6.1003246,40.040543,27.554092,-6.232868,61.341053,21.609924560046814,-3.8903635272752304,47.110212647368854
FD002_2,FD002,79.0,91.96025,68.88982,115.030685,124.33569,90.54874,158.12265,106.15302299272184,80.6527349053998,131.6533110800439
FD002_3,FD002,106.0,89.77957,66.70914,112.850006,123.63912,89.85216,157.42609,104.62294809978842,79.12266001246637,130.12323618711045
FD002_4,FD002,110.0,65.248474,42.17804,88.31891,50.61191,16.824951,84.39887,58.83208632183875,33.33179823451671,84.33237440916079
FD002_5,FD002,15.0,16.062395,-7.0080395,39.132828,27.540104,-6.2468567,61.327065,21.094002181268667,-4.406285906053377,46.59429026859071
FD002_6,FD002,125.0,119.952576,96.88214,143.02301,118.60184,84.81488,152.3888,119.36043785856461,93.86014977124256,144.86072594588666
FD002_7,FD002,6.0,2.6482203,-20.422215,25.718655,3.9222832,-29.864677,37.709244,3.2067449919862603,-22.293543095335785,28.707033079308303
FD002_8,FD002,90.0,68.66725,45.596817,91.737686,45.360477,11.573517,79.14744,58.45000947237432,32.94972138505227,83.95029755969637
FD002_9,FD002,11.0,11.135583,-11.934852,34.206017,29.63646,-4.1505013,63.42342,19.246011791140944,-6.2542762961811,44.74629987846299
FD002_10,FD002,79.0,113.48052,90.41009,136.55096,112.99477,79.20781,146.78172,113.26757609047975,87.7672880031577,138.76786417780178
FD002_11,FD002,6.0,7.4235682,-15.646866,30.494003,8.3730545,-25.413906,42.160015,7.839804785831744,-17.660483301490302,33.340092873153786
FD002_12,FD002,73.0,109.207054,86.13662,132.2775,124.41912,90.63216,158.20609,115.87573196978371,90.37544388246167,141.37602005710576
FD002_13,FD002,30.0,28.294165,5.22373,51.3646,31.006977,-2.7799835,64.79394,29.483409517415513,3.983121430093469,54.98369760473756
FD002_14,FD002,11.0,11.976846,-11.093589,35.04728,13.418312,-20.368649,47.205273,12.608756893824324,-12.89153119349772,38.10904498114637
FD002_15,FD002,37.0,49.057724,25.98729,72.12816,39.722664,5.9357033,73.50963,44.96541294707146,19.465124859749412,70.4657010343935
FD002_16,FD002,67.0,101.98367,78.91324,125.05411,95.4276,61.640636,129.21455,99.10961528223079,73.60932719490874,124.60990336955284
FD002_17,FD002,68.0,64.99289,41.922455,88.063324,94.54968,60.762722,128.33664,77.95001983252384,52.44973174520179,103.45030791984588
FD002_18,FD002,99.0,126.4305,103.36006,149.50093,124.64111,90.85416,158.42807,125.64606510713159,100.14577701980954,151.14635319445364
FD002_19,FD002,22.0,25.697525,2.6270905,48.76796,32.029747,-1.7572136,65.81671,28.473449515524834,2.97316142820279,53.97373760284688
FD002_20,FD002,54.0,53.599415,30.52898,76.669846,68.93233,35.145367,102.719284,60.32106913226354,34.8207810449415,85.82135721958558
FD002_21,FD002,97.0,98.68269,75.61226,121.75313,68.263435,34.476475,102.0504,85.34747500487771,59.84718691755566,110.84776309219976
FD002_22,FD002,10.0,12.047917,-11.022517,35.11835,19.9109,-13.8760605,53.69786,15.494897974242939,-10.005390113079105,40.99518606156498
FD002_23,FD002,125.0,114.46986,91.39942,137.54028,66.77691,32.98995,100.56387,93.56218419650331,68.06189610918126,119.06247228382536
FD002_24,FD002,77.0,63.64596,40.575527,86.7164,54.175896,20.388935,87.96286,59.49446669378189,33.99417860645984,84.99475478110394
FD002_25,FD002,88.0,87.92791,64.857475,110.998344,106.42663,72.63966,140.2136,96.03739262025289,70.53710453293084,121.53768070757494
FD002_26,FD002,125.0,116.51507,93.44463,139.58551,124.0735,90.286545,157.86046,119.82854013525562,94.32825204793357,145.32882822257767
FD002_27,FD002,125.0,120.43656,97.36613,143.50699,124.30662,90.51965,158.09358,122.13311986700685,96.6328317796848,147.6334079543289
FD002_28,FD002,125.0,109.13223,86.0618,132.20267,117.91647,84.12952,151.70343,112.98307507427661,87.48278698695457,138.48336316159865
FD002_29,FD002,83.0,85.65684,62.586403,108.72727,107.89093,74.10397,141.67789,95.40383664400188,69.90354855667984,120.90412473132393
FD002_30,FD002,78.0,64.291374,41.22094,87.36181,58.38954,24.602581,92.1765,61.70412416351032,36.20383607618828,87.20441225083236
FD002_31,FD002,75.0,109.434425,86.36399,132.50485,124.21335,90.42639,158.0003,115.91322134413875,90.4129332568167,141.4135094314608
FD002_32,FD002,11.0,13.461157,-9.609278,36.531593,23.735218,-10.051743,57.52218,17.96510793599923,-7.5351801513228125,43.465396023321276
FD002_33,FD002,53.0,65.524605,42.45417,88.59504,48.090683,14.303722,81.87764,57.88190833865089,32.38162025132884,83.38219642597294
FD002_34,FD002,125.0,124.63562,101.565186,147.70605,124.58914,90.802185,158.3761,124.61524493570676,99.11495684838471,150.1155330230288
FD002_35,FD002,63.0,59.385323,36.314888,82.45576,85.251656,51.464695,119.03862,70.72462613016012,45.22433804283807,96.22491421748217
FD002_36,FD002,100.0,92.52783,69.4574,115.59827,65.55359,31.766628,99.340546,80.70284193973237,55.20255385241032,106.20313002705441
FD002_37,FD002,125.0,119.253685,96.18325,142.32413,104.096695,70.30974,137.88365,112.60915168912155,87.1088636017995,138.1094397764436
FD002_38,FD002,55.0,49.12119,26.050755,72.19162,57.145603,23.358643,90.93256,52.63893811235864,27.138650025036593,78.13922619968068
FD002_39,FD002,48.0,43.805122,20.734688,66.87556,45.082977,11.296017,78.869934,44.36530942758808,18.865021340266036,69.86559751491012
FD002_40,FD002,37.0,40.475906,17.405472,63.54634,39.92907,6.142109,73.716034,40.23618359914966,14.735895511827618,65.7364716864717
FD002_41,FD002,44.0,37.509033,14.438599,60.579468,42.471107,8.684147,76.25807,39.6843112576362,14.184023170314159,65.18459934495824
FD002_42,FD002,27.0,33.5061,10.435665,56.576534,44.67887,10.891911,78.465836,38.40402810370399,12.90374001638195,63.90431619102604
FD002_43,FD002,18.0,25.004961,1.9345264,48.075394,31.066433,-2.7205276,64.85339,27.662193885306323,2.1619057979842786,53.16248197262837
FD002_44,FD002,6.0,12.273871,-10.796563,35.344307,12.785835,-21.001125,46.572796,12.49830653753652,-13.001981549785524,37.99859462485856
FD002_45,FD002,15.0,18.217716,-4.8527184,41.28815,30.707321,-3.0796394,64.49428,23.69291913123834,-1.8073689560837032,49.19320721856039
FD002_46,FD002,112.0,119.910515,96.84008,142.98096,123.8174,90.03044,157.60435,121.62321740183285,96.1229293145108,147.1235054891549
FD002_47,FD002,125.0,105.78586,82.71542,128.8563,123.30313,89.516174,157.09009,113.46509414972581,87.96480606240377,138.96538223704786
FD002_48,FD002,13.0,18.273476,-4.796959,41.34391,22.378647,-11.408314,56.165607,20.07310385197767,-5.427184235344374,45.57339193929971
FD002_49,FD002,122.0,96.817924,73.74749,119.88836,103.02573,69.23877,136.81268,99.53930557965926,74.03901749233721,125.0395936669813
FD002_50,FD002,13.0,8.750455,-14.31998,31.820889,12.533836,-21.253124,46.320797,10.409016665795448,-15.091271421526596,35.909304753117496
FD002_51,FD002,98.0,122.662186,99.59175,145.73262,124.264725,90.47777,158.05168,123.36470801294863,97.86441992562658,148.86499610027067
FD002_52,FD002,53.0,47.268505,24.19807,70.33894,37.28431,3.4973488,71.07127,42.891625470367146,17.3913373830451,68.3919135576892
FD002_53,FD002,52.0,70.20554,47.13511,93.27598,40.50058,6.713619,74.28754,57.18345800127451,31.683169913952465,82.68374608859655
FD002_54,FD002,106.0,118.14322,95.072784,141.21365,111.316765,77.5298,145.10373,115.15063260934588,89.65034452202383,140.65092069666792
FD002_55,FD002,103.0,111.1778,88.10737,134.24823,124.49544,90.70848,158.2824,117.01599824016928,91.51571015284723,142.51628632749131
FD002_56,FD002,125.0,125.30842,102.23798,148.37885,124.58693,90.79997,158.37389,124.9921313751914,99.49184328786936,150.49241946251345
FD002_57,FD002,123.0,122.76516,99.694725,145.8356,121.27231,87.48535,155.05927,122.11072228987524,96.6104342025532,147.6110103771973
FD002_58,FD002,26.0,27.018318,3.9478836,50.088753,5.879162,-27.907799,39.666122,17.751318069481137,-7.748970017840907,43.25160615680318
FD002_59,FD002,125.0,107.15484,84.084404,130.22528,119.55909,85.772125,153.34605,112.59262398723729,87.09233589991524,138.09291207455934
FD002_60,FD002,73.0,93.62894,70.5585,116.69937,109.550354,75.7634,143.33731,100.60858027110112,75.10829218377907,126.10886835842317
FD002_61,FD002,125.0,97.6804,74.60996,120.75083,94.185005,60.398045,127.97197,96.14808438677056,70.64779629944852,121.64837247409261
FD002_62,FD002,39.0,40.830063,17.759628,63.900497,33.354786,-0.43217468,67.14175,37.55304503508057,12.052756947758528,63.05333312240262
FD002_63,FD002,39.0,42.277615,19.20718,65.34805,40.331474,6.5445137,74.11844,41.42446407143989,15.924175984117849,66.92475215876193
FD002_64,FD002,14.0,18.759043,-4.311392,41.829475,14.493488,-19.293472,48.28045,16.889105609831482,-8.611182477490562,42.38939369715352
FD002_65,FD002,11.0,11.725988,-11.344446,34.796425,9.710991,-24.07597,43.49795,10.842652195171668,-14.657635892150376,36.342940282493714
FD002_66,FD002,121.0,110.838196,87.76776,133.90863,89.55853,55.771572,123.34549,101.50960023605782,76.00931214873577,127.00988832337987
FD002_67,FD002,86.0,75.98594,52.915504,99.05637,123.90975,90.12279,157.69672,96.99481808298239,71.49452999566034,122.49510617030444
FD002_68,FD002,56.0,50.691746,27.621311,73.76218,63.230755,29.443794,97.017715,56.18860650017231,30.68831841285027,81.68889458749436
FD002_69,FD002,115.0,104.823715,81.75328,127.89415,123.04391,89.25694,156.83087,112.81109739635602,87.31080930903397,138.31138548367807
FD002_70,FD002,17.0,17.27821,-5.792225,40.348644,12.636166,-21.150795,46.423126,15.243226729859515,-10.25706135746253,40.74351481718156
FD002_71,FD002,125.0,120.79796,97.72752,143.8684,124.45062,90.663666,158.23758,122.39921619347285,96.8989281061508,147.8995042807949
FD002_72,FD002,104.0,96.569016,73.49858,119.63945,68.18156,34.394596,101.96852,84.12449882060059,58.624210733278545,109.62478690792264
FD002_73,FD002,78.0,73.58598,50.51555,96.65642,90.62338,56.836422,124.41034,81.05485187770944,55.55456379038739,106.55513996503149
FD002_74,FD002,86.0,113.588066,90.51763,136.65851,123.22829,89.44133,157.01524,117.81415366465899,92.31386557733694,143.31444175198104
FD002_75,FD002,98.0,78.10621,55.035774,101.17664,80.03374,46.246777,113.820694,78.95120022037715,53.4509121330551,104.4514883076992
FD002_76,FD002,36.0,38.361538,15.291103,61.431973,33.899628,0.112667084,67.686584,36.405522183487804,10.90523409616576,61.90581027080985
FD002_77,FD002,94.0,89.001915,65.93148,112.07235,119.11605,85.32909,152.90302,102.20337366586224,76.7030855785402,127.70366175318429
FD002_78,FD002,52.0,59.842205,36.77177,82.91264,62.80729,29.020329,96.59425,61.142040954220555,35.641752866898514,86.6423290415426
FD002_79,FD002,91.0,93.98141,70.91097,117.05184,117.903244,84.11629,151.6902,104.46828095981499,78.96799287249294,129.96856904713704
FD002_80,FD002,15.0,11.396026,-11.674409,34.46646,8.005711,-25.78125,41.79267,9.909776657128454,-15.59051143019359,35.410064744450494
FD002_81,FD002,125.0,106.71898,83.648544,129.78941,124.33778,90.55083,158.12474,114.44272454816864,88.9424364608466,139.94301263549067
FD002_82,FD002,74.0,88.65099,65.58056,111.72143,98.47783,64.69087,132.26479,92.95888933803755,67.4586012507155,118.4591774253596
FD002_83,FD002,125.0,94.79836,71.72793,117.8688,86.848816,53.061855,120.63577,91.31343410074109,65.81314601341904,116.81372218806314
FD002_84,FD002,17.0,24.666653,1.5962181,47.737087,33.42447,-0.3624916,67.211426,28.505911134805693,3.005623047483649,54.006199222127734
FD002_85,FD002,47.0,51.504787,28.434353,74.575226,50.629333,16.842373,84.41629,51.12100524924398,25.620717161921934,76.62129333656603
FD002_86,FD002,125.0,97.32463,74.254196,120.395065,124.46243,90.675476,158.24939,109.22132193528724,83.72103384796519,134.72161002260927
FD002_87,FD002,21.0,20.977955,-2.0924797,44.04839,19.600464,-14.186497,53.387424,20.374089269633306,-5.1261988176887385,45.87437735695535
FD002_88,FD002,79.0,86.17337,63.102936,109.243805,91.74834,57.961376,125.53529,88.6173285625716,63.11704047524955,114.11761664989365
FD002_89,FD002,97.0,99.57311,76.50268,122.64355,98.17841,64.39145,131.96538,98.96170319268961,73.46141510536756,124.46199128001166
FD002_90,FD002,8.0,9.547264,-13.52317,32.6177,15.626644,-18.160316,49.413605,12.212347536084998,-13.287940551237046,37.71263562340704
FD002_91,FD002,9.0,6.4844313,-16.586002,29.554867,8.003517,-25.783443,41.790478,7.150369340313672,-18.349918747008374,32.650657427635714
FD002_92,FD002,73.0,105.78801,82.717575,128.85844,81.92608,48.13912,115.71304,95.32739749158267,69.82710940426063,120.82768557890472
FD002_93,FD002,125.0,109.65083,86.5804,132.72127,124.50165,90.71469,158.2886,116.16114509754442,90.66085701022237,141.66143318486647
FD002_94,FD002,97.0,85.41258,62.342148,108.48302,80.668106,46.881145,114.45506,83.33269510969504,57.83240702237299,108.83298319701709
FD002_95,FD002,73.0,90.99403,67.9236,114.06447,107.98712,74.200165,141.77408,98.4434770940637,72.94318900674165,123.94376518138574
FD002_96,FD002,49.0,44.15057,21.080135,67.22101,41.680412,7.8934517,75.46738,43.06770025962415,17.567412172302102,68.5679883469462
FD002_97,FD002,31.0,20.982073,-2.0883617,44.052505,13.901142,-19.885818,47.688103,17.877928814989318,-7.6223592723327265,43.378216902311365
FD002_98,FD002,97.0,82.62212,59.55169,105.69256,62.4134,28.626438,96.20036,73.76300685092053,48.262718763598485,99.26329493824258
FD002_99,FD002,9.0,10.95488,-12.115555,34.025314,9.641312,-24.145649,43.428272,10.379036729569608,-15.121251357752437,35.87932481689165
FD002_100,FD002,14.0,16.7292,-6.341234,39.799637,19.110355,-14.676605,52.897316,17.773052984940293,-7.727235102381751,43.27334107226234
FD002_101,FD002,106.0,112.566734,89.4963,135.63718,95.6293,61.842342,129.41626,105.14168974462231,79.64140165730026,130.64197783194436
FD002_102,FD002,8.0,6.7636414,-16.306793,29.834076,11.560425,-22.226536,45.347385,8.86645908580366,-16.633829001518386,34.3667471731257
FD002_103,FD002,8.0,7.59732,-15.473114,30.667755,6.7347336,-27.052227,40.521694,7.219178727218763,-18.28110936010328,32.71946681454081
FD002_104,FD002,106.0,99.59326,76.52283,122.6637,71.70385,37.91689,105.490814,87.3670792201148,61.866791132792756,112.86736730743685
FD002_105,FD002,116.0,119.77369,96.703255,142.84412,124.06819,90.281235,157.85515,121.65631657279641,96.15602848547437,147.15660466011846
FD002_106,FD002,120.0,101.20939,78.138954,124.27982,115.3782,81.59123,149.16516,107.42072200343995,81.9204339161179,132.921010090762
FD002_107,FD002,61.0,60.71446,37.644024,83.7849,55.117325,21.330364,88.90428,58.26078258708512,32.76049449976307,83.76107067440716
FD002_108,FD002,125.0,111.52788,88.45744,134.59831,103.98338,70.19643,137.77034,108.220516274257,82.72022818693495,133.72080436157904
FD002_109,FD002,35.0,34.489685,11.4192505,57.56012,35.234497,1.4475365,69.021454,34.816196338448734,9.31590825112669,60.31648442577078
FD002_110,FD002,80.0,81.67075,58.60032,104.74119,64.672516,30.885555,98.45947,74.2190526069034,48.718764519581356,99.71934069422545
FD002_111,FD002,9.0,14.61189,-8.458545,37.682323,15.039494,-18.747467,48.826454,14.799343097470754,-10.70094498985129,40.2996311847928
FD002_112,FD002,50.0,78.32637,55.255936,101.396805,122.389465,88.60251,156.17642,97.64278477977136,72.14249669244931,123.14307286709341
FD002_113,FD002,125.0,123.64358,100.57314,146.71402,124.57459,90.78763,158.36156,124.05171667550232,98.55142858818027,149.55200476282437
FD002_114,FD002,78.0,77.515564,54.44513,100.586,94.294235,60.507275,128.08119,84.87101116855384,59.37072308123179,110.37129925587588
FD002_115,FD002,91.0,65.84562,42.775185,88.91605,50.15103,16.36407,83.93799,58.96541340670646,33.46512531938441,84.46570149402851
FD002_116,FD002,7.0,5.5971184,-17.473316,28.667553,6.1300354,-27.656925,39.916996,5.8307389643600365,-19.669549122962007,31.33102705168208
FD002_117,FD002,125.0,114.9068,91.836365,137.97723,84.894165,51.107204,118.68112,101.74983692115504,76.24954883383299,127.25012500847708
FD002_118,FD002,125.0,115.162506,92.09207,138.23294,124.42941,90.642456,158.21637,119.22494002215055,93.7246519348285,144.7252281094726
FD002_119,FD002,106.0,112.75435,89.683914,135.82478,108.03693,74.24997,141.82388,110.6863213478672,85.18603326054516,136.18660943518924
FD002_120,FD002,15.0,25.05218,1.9817448,48.122612,21.418594,-12.368366,55.205555,23.459285475582995,-2.0410026117390494,48.959573562905035
FD002_121,FD002,67.0,78.94592,55.87549,102.01636,114.20334,80.41638,147.9903,94.40209671395937,68.90180862663732,119.90238480128141
FD002_122,FD002,125.0,119.95825,96.88782,143.02869,119.44921,85.66225,153.23618,119.73509822962254,94.23481014230049,145.23538631694458
FD002_123,FD002,125.0,107.424034,84.3536,130.49448,94.267624,60.480663,128.05458,101.65651658301269,76.15622849569064,127.15680467033474
FD002_124,FD002,7.0,10.553504,-12.516931,33.62394,12.206554,-21.580406,45.993515,11.278169544270376,-14.222118543051668,36.77845763159242
FD002_125,FD002,125.0,103.968185,80.89775,127.03862,123.23165,89.44469,157.01862,112.41291886143014,86.9126307741081,137.9132069487522
FD002_126,FD002,124.0,111.62505,88.55462,134.6955,124.389786,90.60283,158.17674,117.2208668923438,91.72057880502176,142.72115497966584
FD002_127,FD002,82.0,78.81198,55.741547,101.882416,75.63803,41.85107,109.42499,77.42058239964612,51.920294312324074,102.92087048696817
FD002_128,FD002,108.0,101.838394,78.76796,124.90883,79.87368,46.08672,113.660645,92.20948541575592,66.70919732843387,117.70977350307797
FD002_129,FD002,79.0,70.655014,47.58458,93.72545,68.37436,34.5874,102.161316,69.65521873276091,44.15493064543887,95.15550682008296
FD002_130,FD002,121.0,113.537224,90.46679,136.60767,83.68465,49.897686,117.4716,100.45042736490258,74.95013927758053,125.95071545222463
FD002_131,FD002,120.0,108.38967,85.31924,131.46011,121.79649,88.00954,155.58345,114.2669646667338,88.76667657941175,139.76725275405585
FD002_132,FD002,39.0,50.72859,27.658154,73.79903,45.12757,11.3406105,78.914536,48.27320983452691,22.772921747204865,73.77349792184896
FD002_133,FD002,38.0,46.02222,22.951786,69.09265,46.83851,13.051548,80.62547,46.380065589342934,20.87977750202089,71.88035367666498
FD002_134,FD002,9.0,9.043583,-14.026852,32.114017,20.65065,-13.136311,54.43761,14.131898192084302,-11.368389895237742,39.63218627940635
FD002_135,FD002,125.0,123.00927,99.938835,146.07971,114.61394,80.82698,148.4009,119.32891727260485,93.82862918528281,144.8292053599269
FD002_136,FD002,87.0,107.27278,84.20235,130.34322,121.22247,87.43552,155.00943,113.38805830443087,87.88777021710882,138.88834639175292
FD002_137,FD002,88.0,87.60315,64.532715,110.673584,55.750523,21.963562,89.53748,73.63956963856108,48.13928155123904,99.13985772588313
FD002_138,FD002,7.0,3.6749892,-19.395445,26.745424,6.461254,-27.325706,40.248215,4.896434236480041,-20.603853850842004,30.396722323802084
FD002_139,FD002,51.0,46.91915,23.848717,69.989586,58.933247,25.146286,92.72021,52.18589992603432,26.685611838712273,77.68618801335636
FD002_140,FD002,55.0,53.950336,30.879902,77.02077,39.539227,5.752266,73.32619,47.632782668919546,22.132494581597502,73.1330707562416
FD002_141,FD002,125.0,117.19972,94.12929,140.27016,109.99007,76.20311,143.77702,114.03914768458876,88.53885959726671,139.5394357719108
FD002_142,FD002,47.0,37.05021,13.979774,60.120644,36.639275,2.852314,70.42624,36.87006327638257,11.369775189060523,62.370351363704614
FD002_143,FD002,81.0,73.63582,50.565384,96.70625,54.34259,20.55563,88.12955,65.17803783816254,39.67774975084049,90.67832592548459
FD002_144,FD002,43.0,29.211649,6.1412144,52.28208,64.27516,30.488201,98.06212,44.58281946608816,19.082531378766117,70.0831075534102
FD002_145,FD002,98.0,106.715965,83.64553,129.7864,124.09874,90.31178,157.8857,114.33623966525562,88.83595157793357,139.83652775257767
FD002_146,FD002,10.0,13.144019,-9.926415,36.214455,14.919464,-18.867496,48.706425,13.922340105957101,-11.577947981364943,39.422628193279145
FD002_147,FD002,92.0,101.06623,77.9958,124.136665,124.69397,90.90701,158.48093,111.42417769760937,85.92388961028732,136.9244657849314
FD002_148,FD002,11.0,10.117793,-12.9526415,33.18823,12.772591,-21.01437,46.55955,11.28160533847044,-14.218682748851604,36.78189342579248
FD002_149,FD002,125.0,115.32719,92.25675,138.39761,110.89653,77.10957,144.68349,113.38487190666206,87.88458381934001,138.8851599939841
FD002_150,FD002,34.0,31.252945,8.18251,54.32338,30.4827,-3.3042603,64.26966,30.915284508938008,5.414996421615964,56.41557259626005
FD002_151,FD002,115.0,95.316216,72.24578,118.38665,122.87659,89.08963,156.66354,107.39815296667709,81.89786487935504,132.89844105399914
FD002_152,FD002,59.0,98.11765,75.04722,121.18809,63.46378,29.676819,97.25074,82.92606039458751,57.42577230726546,108.42634848190956
FD002_153,FD002,99.0,90.89969,67.829254,113.97012,114.90636,81.1194,148.69331,101.42375090023117,75.92346281290912,126.92403898755322
FD002_154,FD002,103.0,110.153145,87.08271,133.22357,114.57874,80.79178,148.3657,112.09324205768326,86.59295397036121,137.5935301450053
FD002_155,FD002,108.0,111.57256,88.50213,134.643,124.350464,90.56351,158.13742,117.17414940308302,91.67386131576097,142.67443749040507
FD002_156,FD002,83.0,119.58342,96.512985,142.65385,109.4828,75.69585,143.26976,115.15550355492383,89.65521546760178,140.65579164224587
FD002_157,FD002,125.0,123.433235,100.3628,146.50366,109.741135,75.95418,143.52809,117.4308812913057,91.93059320398365,142.93116937862774
FD002_158,FD002,15.0,18.875391,-4.1950436,41.945824,25.5251,-8.26186,59.31206,21.790496014380317,-3.7097920729417275,47.29078410170236
FD002_159,FD002,9.0,10.309989,-12.760446,33.380424,6.9385185,-26.848442,40.72548,8.832001087648504,-16.66828699967354,34.33228917497055
FD002_160,FD002,42.0,51.047646,27.977211,74.11808,34.548004,0.76104355,68.33496,43.814519690202474,18.31423160288043,69.31480777752452
FD002_161,FD002,13.0,15.907159,-7.1632757,38.977592,26.525105,-7.261856,60.312065,20.561862288125887,-4.938425799196157,46.06215037544793
FD002_162,FD002,41.0,51.28429,28.213856,74.35472,66.20114,32.41418,99.9881,57.82355129374388,32.32326320642184,83.32383938106592
FD002_163,FD002,88.0,80.89564,57.825203,103.96607,92.18596,58.399,125.972916,85.84509753163869,60.34480944431664,111.34538561896073
FD002_164,FD002,14.0,11.560886,-11.509548,34.63132,12.21064,-21.57632,45.9976,11.845725868154666,-13.654562219167378,37.34601395547671
FD002_165,FD002,125.0,119.691154,96.62072,142.7616,123.94505,90.1581,157.73201,121.55598192789188,96.05569384056983,147.05627001521393
FD002_166,FD002,125.0,112.57761,89.50717,135.64804,122.38606,88.599106,156.17302,116.87744509877372,91.37715701145167,142.37773318609575
FD002_167,FD002,96.0,89.022095,65.95166,112.09253,122.669754,88.8828,156.45671,103.77258227225731,78.27229418493526,129.27287035957934
FD002_168,FD002,82.0,86.917,63.846565,109.987434,104.51635,70.729385,138.30331,94.6322168041767,69.13192871685465,120.13250489149874
FD002_169,FD002,125.0,99.42324,76.352806,122.493675,102.64447,68.85751,136.43143,100.83536582552968,75.33507773820763,126.33565391285173
FD002_170,FD002,125.0,116.16885,93.09842,139.23929,124.54306,90.7561,158.33002,119.83994505944136,94.33965697211931,145.3402331467634
FD002_171,FD002,36.0,29.666763,6.5963287,52.737198,16.526031,-17.26093,50.312992,23.90611888196515,-1.594169205356895,49.40640696928719
FD002_172,FD002,107.0,110.52141,87.45097,133.59184,124.06421,90.27725,157.85117,116.45831187179816,90.95802378447611,141.9585999591202
FD002_173,FD002,14.0,16.009523,-7.060911,39.079956,14.320599,-19.466362,48.10756,15.269131204300898,-10.231156883021146,40.76941929162294
FD002_174,FD002,95.0,102.51938,79.448944,125.58981,124.62502,90.83806,158.41199,112.21006849351866,86.70978040619661,137.7103565808407
FD002_175,FD002,125.0,119.6056,96.535164,142.67603,124.40891,90.62195,158.19588,121.71127913858578,96.21099105126373,147.21156722590783
FD002_176,FD002,23.0,25.336077,2.2656422,48.40651,32.99482,-0.79214096,66.781784,28.6935225194622,3.193234432140155,54.19381060678424
FD002_177,FD002,6.0,5.570807,-17.499628,28.641241,3.8428764,-29.944084,37.629837,4.813315418322736,-20.68697266899931,30.313603505644778
FD002_178,FD002,125.0,112.36055,89.290115,135.43098,124.62053,90.83357,158.40749,117.73508934380857,92.23480125648652,143.23537743113062
FD002_179,FD002,35.0,41.76494,18.694504,64.83537,40.146873,6.359913,73.93384,41.05560979014854,15.555321702826493,66.55589787747058
FD002_180,FD002,97.0,102.78879,79.71835,125.85922,101.46904,67.68208,135.256,102.21023570080824,76.7099476134862,127.71052378813029
FD002_181,FD002,68.0,60.878925,37.80849,83.949356,76.99779,43.210827,110.784744,67.94512488563227,42.44483679831022,93.44541297295432
FD002_182,FD002,14.0,11.494764,-11.57567,34.5652,14.973824,-18.813137,48.760784,13.01991706524634,-12.480371022075705,38.52020515256838
FD002_183,FD002,67.0,68.20755,45.137115,91.277985,83.63242,49.845463,117.41939,74.96951825092111,49.469230163599065,100.46980633824316
FD002_184,FD002,125.0,119.40076,96.33032,142.47119,124.51707,90.7301,158.30403,121.6436489201294,96.14336083280735,147.14393700745143
FD002_185,FD002,19.0,14.721377,-8.349057,37.791813,7.2224197,-26.56454,41.00938,11.43397838330231,-14.066309704019734,36.93426647062435
FD002_186,FD002,10.0,7.5853186,-15.485116,30.655754,5.226303,-28.560658,39.013264,6.5511714967325565,-18.949116590589487,32.0514595840546
FD002_187,FD002,125.0,115.22669,92.15626,138.29712,124.726776,90.93982,158.51373,119.39134651748773,93.89105843016569,144.89163460480978
FD002_188,FD002,125.0,107.784,84.71356,130.85443,119.49511,85.708145,153.28207,112.9179235678761,87.41763548055405,138.41821165519815
FD002_189,FD002,43.0,47.31655,24.246117,70.386986,58.406506,24.619545,92.19347,52.1781741951572,26.677886107835153,77.67846228247925
FD002_190,FD002,12.0,9.812083,-13.258351,32.88252,18.882332,-14.904629,52.669292,13.78830601415025,-11.711982073171795,39.28859410147229
FD002_191,FD002,125.0,103.84944,80.77901,126.919876,123.61844,89.83148,157.4054,112.5157901816391,87.01550209431706,138.01607826896114
FD002_192,FD002,13.0,16.551037,-6.5193977,39.62147,21.433784,-12.353176,55.220745,18.691539618471914,-6.80874846885013,44.191827705793955
FD002_193,FD002,37.0,30.238085,7.16765,53.308517,38.753357,4.9663963,72.54031,33.971016541188035,8.470728453865991,59.47130462851008
FD002_194,FD002,122.0,106.55757,83.48714,129.628,115.69588,81.90892,149.48283,110.56362908895363,85.06334100163158,136.06391717627568
FD002_195,FD002,80.0,61.399452,38.329018,84.46989,48.88635,15.099388,82.67331,55.913947988814286,30.41365990149224,81.41423607613633
FD002_196,FD002,93.0,113.74103,90.67059,136.81146,104.603134,70.81618,138.39009,109.73515076153149,84.23486267420944,135.23543884885353
FD002_197,FD002,125.0,97.47983,74.40939,120.55026,123.44628,89.65932,157.23325,108.86302236381883,83.36273427649678,134.36331045114088
FD002_198,FD002,32.0,57.632736,34.5623,80.70317,106.55824,72.771286,140.3452,79.08073855228054,53.58045046495849,104.58102663960258
FD002_199,FD002,103.0,124.248146,101.17771,147.31857,124.44087,90.653915,158.22783,124.33263349300961,98.83234540568756,149.83292158033166
FD002_200,FD002,125.0,108.75837,85.687935,131.8288,99.11903,65.33208,132.90599,104.5326698534983,79.03238176617626,130.03295794082035
FD002_201,FD002,111.0,113.71777,90.64734,136.78821,109.853874,76.06691,143.64084,112.0239142310418,86.52362614371975,137.52420231836385
FD002_202,FD002,68.0,99.24742,76.17699,122.317856,116.49515,82.70819,150.2821,106.80849324797711,81.30820516065506,132.30878133529916
FD002_203,FD002,125.0,119.64575,96.57532,142.71619,122.63667,88.84972,156.42363,120.95691427997525,95.4566261926532,146.4572023672973
FD002_204,FD002,121.0,120.75874,97.68831,143.82918,118.47333,84.68637,152.26028,119.75686096287542,94.25657287555337,145.25714905019746
FD002_205,FD002,125.0,90.25023,67.179794,113.32066,95.07489,61.28793,128.86185,92.36526770561014,66.86497961828809,117.86555579293218
FD002_206,FD002,48.0,61.755436,38.685,84.82587,71.28073,37.49377,105.06769,65.93114242605972,40.430854338737674,91.43143051338177
FD002_207,FD002,85.0,80.446236,57.3758,103.51667,58.33889,24.55193,92.125854,70.75479998398458,45.254511896662535,96.25508807130663
FD002_208,FD002,8.0,13.401734,-9.6687,36.472168,10.082176,-23.704784,43.869137,11.946503822835282,-13.553784264486762,37.44679191015733
FD002_209,FD002,23.0,29.40586,6.3354263,52.476295,42.562,8.77504,76.34896,35.17325970392785,9.672971616605803,60.67354779124989
FD002_210,FD002,8.0,6.349808,-16.720627,29.420242,7.810623,-25.976337,41.597584,6.990201432613839,-18.510086654708203,32.490489519935885
FD002_211,FD002,6.0,3.9263277,-19.144108,26.996761,12.414913,-21.372047,46.201874,7.647560530643689,-17.852727556678353,33.147848617965735
FD002_212,FD002,57.0,96.23416,73.16373,119.304596,125.8457,92.05875,159.63266,109.21529251140232,83.71500442408028,134.71558059872436
FD002_213,FD002,83.0,83.38803,60.317596,106.458466,43.968204,10.181244,77.755165,66.10713622685878,40.60684813953674,91.60742431418083
FD002_214,FD002,125.0,112.31706,89.24663,135.3875,124.5139,90.726944,158.30086,117.66392205073642,92.16363396341437,143.16421013805845
FD002_215,FD002,101.0,109.39058,86.320145,132.46101,124.14562,90.35866,157.93259,115.85890667830563,90.35861859098358,141.35919476562768
FD002_216,FD002,81.0,94.847244,71.77681,117.91768,93.51148,59.72452,127.29845,94.26167184824507,68.76138376092302,119.76195993556712
FD002_217,FD002,86.0,112.53254,89.462105,135.60297,119.69938,85.912415,153.48634,115.67434419005485,90.1740561027328,141.1746322773769
FD002_218,FD002,125.0,123.181465,100.11103,146.25189,124.45814,90.67117,158.2451,123.74113379112251,98.24084570380046,149.24142187844456
FD002_219,FD002,73.0,76.74492,53.674484,99.81535,69.843025,36.056065,103.62999,73.71926123121145,48.2189731438894,99.2195493185335
FD002_220,FD002,121.0,119.09726,96.026825,142.1677,124.532486,90.74553,158.31944,121.4799583950848,95.97967030776275,146.98024648240684
FD002_221,FD002,125.0,95.893105,72.82267,118.96354,82.51843,48.731472,116.30539,90.02990527237597,64.52961718505392,115.53019335969802
FD002_222,FD002,75.0,55.329975,32.25954,78.400406,36.917103,3.1301422,70.70406,47.25812557337818,21.757837486056136,72.75841366070023
FD002_223,FD002,125.0,121.92751,98.85708,144.99796,110.39462,76.607666,144.18158,116.87171552597675,91.3714274386547,142.3720036132988
FD002_224,FD002,125.0,122.171364,99.10093,145.24179,124.60858,90.821625,158.39554,123.23979326247817,97.73950517515613,148.74008134980022
FD002_225,FD002,11.0,9.488254,-13.582181,32.55869,10.69923,-23.08773,44.48619,10.019122475163377,-15.481165612158668,35.51941056248542
FD002_226,FD002,108.0,85.58243,62.511993,108.65286,81.166695,47.379734,114.95366,83.6466552992238,58.14636721190175,109.14694338654584
FD002_227,FD002,14.0,12.304488,-10.765946,35.374924,10.885609,-22.901352,44.67257,11.682478658664198,-13.817809428657846,37.18276674598624
FD002_228,FD002,125.0,97.448166,74.37773,120.5186,76.54546,42.758503,110.33243,88.2848226830306,62.78453459570855,113.78511077035265
FD002_229,FD002,61.0,100.43651,77.36607,123.50694,124.06884,90.281876,157.8558,110.79646853956646,85.29618045224441,136.2967566268885
FD002_230,FD002,85.0,99.52982,76.45939,122.60026,111.39516,77.6082,145.18211,104.73135762958816,79.23106954226611,130.2316457169102
FD002_231,FD002,8.0,7.83609,-15.2343445,30.906525,10.0935135,-23.693447,43.880474,8.825701147055291,-16.674586940266753,34.32598923437733
FD002_232,FD002,101.0,74.261696,51.19126,97.33213,96.57814,62.79118,130.3651,84.04479643917333,58.54450835185128,109.54508452649537
FD002_233,FD002,125.0,118.43731,95.366875,141.50775,98.671295,64.88434,132.45825,109.77226834260567,84.27198025528362,135.2725564299277
FD002_234,FD002,89.0,107.70649,84.636055,130.77692,102.66614,68.87918,136.4531,105.49689611747371,79.99660803015166,130.99718420479576
FD002_235,FD002,125.0,114.737625,91.66719,137.80806,86.274216,52.487255,120.06117,102.2598131456439,76.75952505832186,127.76010123296595
FD002_236,FD002,12.0,12.057662,-11.012773,35.128098,26.365112,-7.4218483,60.152073,18.329773406915358,-7.170514680406686,43.8300614942374
FD002_237,FD002,62.0,52.00614,28.935707,75.07658,49.225807,15.438847,83.01277,50.7872964334545,25.287008346132456,76.28758452077655
FD002_238,FD002,125.0,125.46369,102.39326,148.53412,124.36244,90.575485,158.1494,124.98092499762478,99.48063691030274,150.48121308494683
FD002_239,FD002,101.0,110.13988,87.06944,133.21031,60.07924,26.292278,93.866196,88.1942549794411,62.69396689211905,113.69454306676315
FD002_240,FD002,121.0,108.41255,85.34212,131.48299,121.68074,87.89378,155.4677,114.22907085739286,88.72878277007081,139.7293589447149
FD002_241,FD002,125.0,125.005104,101.93467,148.07553,124.47859,90.691635,158.26555,124.77429125319355,99.2740031658715,150.2745793405156
FD002_242,FD002,17.0,10.863361,-12.207073,33.933796,16.822144,-16.964817,50.609104,13.475577019233175,-12.02471106808887,38.97586510655522
FD002_243,FD002,125.0,119.06998,95.99954,142.14041,124.50123,90.714264,158.2882,121.45093315405072,95.95064506672867,146.95122124137276
FD002_244,FD002,125.0,119.37708,96.30665,142.44751,107.370224,73.58327,141.15718,114.11350653897387,88.61321845165182,139.6137946262959
FD002_245,FD002,16.0,9.616086,-13.454349,32.68652,20.717415,-13.069546,54.504375,14.482695343562707,-11.017592743759337,39.98298343088475
FD002_246,FD002,125.0,116.52988,93.45944,139.60031,106.72293,72.935974,140.50989,112.23070003822644,86.7304119509044,137.7309881255485
FD002_247,FD002,125.0,118.834,95.763565,141.90443,124.502396,90.71544,158.28935,121.31891556195525,95.8186274746332,146.81920364927728
FD002_248,FD002,56.0,55.95073,32.880295,79.021164,68.68361,34.89665,102.470566,61.53257923511653,36.03229114779448,87.03286732243858
FD002_249,FD002,111.0,123.02565,99.955215,146.09608,124.226074,90.43912,158.01303,123.5518929338927,98.05160484657065,149.05218102121475
FD002_250,FD002,23.0,14.861296,-8.209139,37.931732,5.3926506,-28.39431,39.17961,10.710423560409211,-14.789864526912833,36.21071164773126
FD002_251,FD002,84.0,108.13906,85.06863,131.2095,104.63399,70.84703,138.42094,106.6025040551551,81.10221596783305,132.10279214247714
FD002_252,FD002,12.0,8.634476,-14.435959,31.70491,25.806652,-7.9803085,59.593613,16.162427987690204,-9.33786009963184,41.66271607501225
FD002_253,FD002,43.0,46.90176,23.831326,69.9722,31.411434,-2.3755264,65.198395,40.111098747235324,14.61081065991328,65.61138683455736
FD002_254,FD002,48.0,46.407944,23.33751,69.47838,52.13227,18.34531,85.919235,48.91737876987743,23.417090682555386,74.41766685719948
FD002_255,FD002,122.0,117.02933,93.95889,140.09976,123.41943,89.63248,157.20639,119.83062721229928,94.33033912497723,145.33091529962132
FD002_256,FD002,125.0,102.33195,79.26151,125.40238,82.27461,48.48765,116.06157,93.53919696065228,68.03890887333023,119.03948504797432
FD002_257,FD002,56.0,52.938984,29.86855,76.009415,49.253273,15.466312,83.04024,51.32323904943105,25.822950962109008,76.8235271367531
FD002_258,FD002,125.0,118.73001,95.65958,141.80045,89.05462,55.26766,122.84158,105.72088906169304,80.220600974371,131.2211771490151
FD002_259,FD002,51.0,63.501274,40.43084,86.57171,76.5912,42.80424,110.37816,69.23964697423365,43.7393588869116,94.7399350615557
FD003_1,FD003,44.0,44.808613,21.738178,67.87904,47.531517,13.744556,81.31848,46.002281726530285,20.50199363920824,71.50256981385233
FD003_2,FD003,51.0,59.812935,36.7425,82.88337,49.642586,15.855625,83.42955,55.35444916922626,29.854161081904213,80.8547372565483
FD003_3,FD003,27.0,33.5632,10.492767,56.633636,32.528225,-1.2587357,66.315186,33.10948788483806,7.609199797516016,58.60977597216011
FD003_4,FD003,120.0,122.618935,99.5485,145.68936,124.00296,90.216,157.78992,123.22566485900327,97.72537677168123,148.72595294632532
FD003_5,FD003,101.0,122.04049,98.970055,145.11093,122.389435,88.60248,156.17639,122.19346025314388,96.69317216582184,147.69374834046593
FD003_6,FD003,99.0,111.30067,88.23023,134.3711,120.757195,86.97023,154.54416,115.44622691952958,89.94593883220753,140.94651500685163
FD003_7,FD003,71.0,47.41616,24.345726,70.486595,53.590958,19.803997,87.377914,50.12307301047788,24.622784923155837,75.62336109779993
FD003_8,FD003,55.0,60.71636,37.645924,83.78679,46.386574,12.599613,80.17354,54.43445594815644,28.934167860834396,79.93474403547849
FD003_9,FD003,55.0,64.85457,41.784134,87.925,46.74008,12.953121,80.52704,56.91352545122486,31.413237363902812,82.4138135385469
FD003_10,FD003,66.0,85.984184,62.91375,109.05462,69.7514,35.964443,103.53836,78.86804510642483,53.36775701910278,104.36833319374688
FD003_11,FD003,77.0,72.08548,49.015045,95.155914,94.05929,60.272327,127.84625,81.7183752249949,56.21808713767285,107.21866331231695
FD003_12,FD003,115.0,102.84144,79.771,125.91187,109.82593,76.03897,143.61288,105.90330430878237,80.40301622146032,131.40359239610441
FD003_13,FD003,115.0,116.795044,93.72461,139.86548,122.255005,88.46805,156.04196,119.18858594733719,93.68829786001514,144.68887403465922
FD003_14,FD003,31.0,26.970627,3.9001923,50.04106,25.551548,-8.235413,59.33851,26.348529930497996,0.848241843175952,51.84881801782004
FD003_15,FD003,108.0,116.52014,93.44971,139.59058,103.682,69.895035,137.46896,110.89214656602971,85.39185847870766,136.39243465335176
FD003_16,FD003,56.0,91.14328,68.072845,114.213715,85.36508,51.57812,119.15204,88.61022890548543,63.10994081816338,114.11051699280748
FD003_17,FD003,125.0,112.97713,89.90669,136.04756,104.574135,70.78717,138.3611,109.2934166751048,83.79312858778275,134.79370476242684
FD003_18,FD003,125.0,112.09059,89.02016,135.16103,124.01751,90.230545,157.80447,117.31912320694956,91.81883511962751,142.8194112942716
FD003_19,FD003,85.0,105.95218,82.881744,129.02261,119.31449,85.52753,153.10146,111.80996001629269,86.30967192897064,137.31024810361473
FD003_20,FD003,56.0,69.566666,46.49623,92.6371,76.42734,42.640377,110.214294,72.57425247559772,47.07396438827567,98.07454056291976
FD003_21,FD003,18.0,17.05862,-6.011814,40.129055,21.659752,-12.127209,55.446712,19.075668098944348,-6.424619988377696,44.575956186266396
FD003_22,FD003,119.0,117.17459,94.10416,140.24503,124.42061,90.63365,158.20757,120.3511059382779,94.85081785095585,145.85139402559994
FD003_23,FD003,78.0,77.034706,53.96427,100.10514,69.26401,35.477047,103.050964,73.6281811293548,48.12789304203275,99.12846921667685
FD003_24,FD003,9.0,10.721278,-12.349156,33.791714,13.499321,-20.28764,47.28628,11.939118791532499,-13.561169295789545,37.43940687885454
FD003_25,FD003,58.0,61.34931,38.278877,84.41975,65.23926,31.452297,99.026215,63.05458943125915,37.55430134393711,88.5548775185812
FD003_26,FD003,11.0,13.246129,-9.824306,36.316563,16.835464,-16.951496,50.622425,14.819624750872109,-10.680663336449935,40.319912838194156
FD003_27,FD003,88.0,115.800285,92.72985,138.87073,99.10193,65.31497,132.88889,108.48004652951403,82.97975844219198,133.98033461683607
FD003_28,FD003,125.0,123.01058,99.94015,146.08102,123.69247,89.9055,157.47943,123.30950715406635,97.8092190667443,148.8097952413884
FD003_29,FD003,124.0,123.94874,100.8783,147.01917,124.153366,90.36641,157.94032,124.03844307885615,98.5381549915341,149.5387311661782
FD003_30,FD003,89.0,68.40212,45.331688,91.47256,77.44864,43.66168,111.235596,72.36794153316096,46.86765344583891,97.868229620483
FD003_31,FD003,79.0,85.1684,62.09797,108.23884,78.80592,45.018963,112.59288,82.3792145300189,56.87892644269685,107.87950261734095
FD003_32,FD003,55.0,60.993343,37.92291,84.06378,72.36128,38.57432,106.14824,65.97682945753478,40.47654137021273,91.47711754485682
FD003_33,FD003,71.0,82.778786,59.70835,105.84922,117.51329,83.72633,151.30025,98.00572539798478,72.50543731066273,123.50601348530682
FD003_34,FD003,65.0,80.52989,57.459457,103.60033,78.373474,44.586514,112.16043,79.58455980349117,54.08427171616913,105.08484789081322
FD003_35,FD003,87.0,102.03027,78.95984,125.10071,78.19406,44.4071,111.98102,91.5809358647748,66.08064777745275,117.08122395209685
FD003_36,FD003,125.0,120.509346,97.43891,143.57977,124.49403,90.70708,158.28099,122.25615660563278,96.75586851831073,147.75644469295483
FD003_37,FD003,125.0,122.37773,99.3073,145.44817,113.30435,79.517395,147.09131,118.40013602139004,92.89984793406799,143.9004241087121
FD003_38,FD003,22.0,25.358696,2.2882614,48.42913,28.173454,-5.6135063,61.960415,26.59263195807931,1.092343870757265,52.09292004540136
FD003_39,FD003,8.0,7.915668,-15.154766,30.986103,13.973297,-19.813663,47.760258,10.571216259075314,-14.92907182824673,36.07150434639736
FD003_40,FD003,41.0,40.16693,17.096497,63.237366,49.01138,15.224419,82.79834,44.04416731383115,18.54387922650911,69.5444554011532
FD003_41,FD003,125.0,120.2283,97.15787,143.29874,124.5255,90.73854,158.31245,122.112109941477,96.61182185415495,147.61239802879905
FD003_42,FD003,115.0,101.317764,78.24733,124.3882,94.84079,61.05383,128.62775,98.47838307439973,72.97809498707768,123.97867116172178
FD003_43,FD003,125.0,109.551605,86.48117,132.62204,123.44723,89.66026,157.23419,115.64317911836946,90.14289103104741,141.1434672056915
FD003_44,FD003,69.0,78.852615,55.78218,101.92305,73.08798,39.30102,106.87494,76.3255108959091,50.82522280858706,101.82579898323115
FD003_45,FD003,111.0,117.65917,94.58874,140.72961,123.200836,89.41388,156.9878,120.08853116756241,94.58824308024036,145.58881925488444
FD003_46,FD003,7.0,9.931347,-13.139088,33.00178,22.717937,-11.069023,56.504898,15.536742601649422,-9.963545485672622,41.03703068897147
FD003_47,FD003,125.0,103.649605,80.57917,126.72004,124.46448,90.67752,158.25143,112.7744452026992,87.27415711537715,138.27473329002123
FD003_48,FD003,55.0,50.93948,27.869045,74.00992,57.361065,23.574104,91.148026,53.754579384763794,28.25429129744175,79.25486747208583
FD003_49,FD003,125.0,110.16069,87.090256,133.23112,110.92101,77.13405,144.70798,110.49400111865246,84.99371303133042,135.9942892059745
FD003_50,FD003,11.0,12.595817,-10.474618,35.666252,15.421024,-18.365936,49.207985,13.83433340684589,-11.665954680476155,39.33462149416793
FD003_51,FD003,78.0,99.447876,76.37744,122.51831,74.24304,40.45608,108.03,88.39856088324169,62.89827279591964,113.89884897056373
FD003_52,FD003,120.0,126.071495,103.00106,149.14194,122.93882,89.151855,156.72578,124.69819043253382,99.19790234521177,150.19847851985585
FD003_53,FD003,87.0,114.51423,91.443794,137.58466,106.58197,72.79501,140.36893,111.03687900793321,85.53659092061116,136.53716709525526
FD003_54,FD003,87.0,119.57011,96.49967,142.64053,124.357414,90.57045,158.14438,121.66877026634484,96.16848217902279,147.16905835366688
FD003_55,FD003,55.0,36.7658,13.695366,59.836235,56.38266,22.5957,90.16962,45.36545485921776,19.86516677189572,70.86574294653981
FD003_56,FD003,93.0,100.71192,77.64149,123.78236,73.63367,39.846706,107.42062,88.84133494096668,63.34104685364463,114.34162302828872
FD003_57,FD003,88.0,76.88334,53.812904,99.95377,122.89621,89.10925,156.68317,97.05449768318161,71.55420959585956,122.55478577050366
FD003_58,FD003,40.0,41.049362,17.978928,64.1198,40.891953,7.104992,74.67891,40.98035680764825,15.480068720326205,66.4806448949703
FD003_59,FD003,49.0,45.401394,22.33096,68.47183,32.824104,-0.9628563,66.61107,39.887751718015735,14.387463630693691,65.38803980533778
FD003_60,FD003,125.0,112.51887,89.44843,135.5893,72.52488,38.73792,106.311844,94.98627132741355,69.4859832400915,120.4865594147356
FD003_61,FD003,125.0,123.55247,100.48203,146.6229,123.40198,89.61502,157.18893,123.48649550530044,97.98620741797839,148.9867835926225
FD003_62,FD003,58.0,52.422672,29.352238,75.4931,43.64503,9.85807,77.43199,48.57472292518467,23.07443483786263,74.07501101250672
FD003_63,FD003,117.0,116.21512,93.144684,139.28555,106.998856,73.2119,140.78581,112.17488581173978,86.67459772441774,137.67517389906183
FD003_64,FD003,28.0,28.380074,5.309639,51.45051,45.1736,11.386639,78.960556,35.74203264837196,10.241744561049916,61.24232073569401
FD003_65,FD003,115.0,121.53537,98.464935,144.6058,124.59969,90.81273,158.38666,122.87871040426782,97.37842231694577,148.37899849158987
FD003_66,FD003,87.0,104.6795,81.60906,127.74993,109.151955,75.36499,142.93892,106.64013639687593,81.13984830955388,132.14042448419798
FD003_67,FD003,92.0,106.107285,83.03685,129.17772,80.763084,46.976124,114.55005,94.99687400935557,69.49658592203352,120.49716209667761
FD003_68,FD003,103.0,106.79165,83.721214,129.86209,123.65771,89.87074,157.44467,114.1854048880032,88.68511680068116,139.68569297532525
FD003_69,FD003,100.0,104.12745,81.057014,127.19788,112.599075,78.81212,146.38603,107.84124727759337,82.34095919027132,133.34153536491542
FD003_70,FD003,63.0,90.71624,67.645805,113.786674,122.194336,88.40738,155.9813,104.51563259923762,79.01534451191557,130.01592068655967
FD003_71,FD003,35.0,25.56847,2.4980354,48.638905,25.219223,-8.567738,59.006184,25.41536683394338,-0.08492125337866341,50.91565492126543
FD003_72,FD003,45.0,48.636402,25.565968,71.70683,60.279152,26.492191,94.06612,53.74036000670419,28.24007191938215,79.24064809402624
FD003_73,FD003,99.0,112.616516,89.54608,135.68695,95.37175,61.58479,129.1587,105.05674182700028,79.55645373967823,130.55702991432233
FD003_74,FD003,117.0,126.33743,103.267,149.40787,124.25278,90.46582,158.03973,125.4235598167123,99.92327172939025,150.92384790403435
FD003_75,FD003,45.0,42.376926,19.306492,65.44736,70.259056,36.472095,104.04602,54.599916519125415,29.09962843180337,80.10020460644746
FD003_76,FD003,27.0,19.52982,-3.540615,42.600254,36.599422,2.8124619,70.38638,27.012805562131298,1.512517474809254,52.51309364945334
FD003_77,FD003,86.0,79.68281,56.612373,102.75324,75.57909,41.792126,109.36604,77.88381518756204,52.38352710023999,103.38410327488408
FD003_78,FD003,20.0,23.386642,0.3162079,46.457077,27.473812,-6.3131485,61.260773,25.178379124502936,-0.3219089628191085,50.67866721182498
FD003_79,FD003,18.0,20.419115,-2.6513195,43.489548,27.604416,-6.1825447,61.391376,23.569012936410346,-1.9312751509116985,49.06930102373239
FD003_80,FD003,125.0,125.43568,102.36524,148.5061,124.47272,90.68576,158.25967,125.01353371834531,99.51324563102327,150.51382180566736
FD003_81,FD003,15.0,16.210875,-6.85956,39.28131,25.030087,-8.756874,58.817047,20.077047684421956,-5.423240402900088,45.577335771744
FD003_82,FD003,6.0,5.3698006,-17.700634,28.440235,9.526855,-24.260105,43.313816,7.192173589056759,-18.308114498265283,32.692461676378805
FD003_83,FD003,125.0,115.50439,92.43395,138.57483,124.47418,90.687225,158.26114,119.43657284077852,93.93628475345648,144.93686092810057
FD003_84,FD003,104.0,92.53231,69.461876,115.602745,100.12169,66.33473,133.90865,95.85934818345663,70.35906009613458,121.35963627077868
FD003_85,FD003,56.0,74.59305,51.522614,97.66348,87.6228,53.835842,121.40976,80.30504225843373,54.80475417111168,105.80533034575578
FD003_86,FD003,25.0,25.767584,2.6971493,48.83802,21.506397,-12.280563,55.293358,23.899561489070564,-1.6007265982514802,49.39984957639261
FD003_87,FD003,68.0,66.88732,43.816887,89.957756,78.03384,44.246876,111.8208,71.77373950280602,46.273451415483976,97.27402759012807
FD003_88,FD003,125.0,124.70521,101.63477,147.77563,124.24658,90.459625,158.03354,124.50415508597555,99.0038669986535,150.0044431732976
FD003_89,FD003,41.0,50.344135,27.2737,73.414566,48.12938,14.342419,81.916336,49.37322878902001,23.872940701697967,74.87351687634205
FD003_90,FD003,51.0,58.206036,35.1356,81.276474,59.437664,25.650703,93.224625,58.745957855773376,33.245669768451336,84.24624594309542
FD003_91,FD003,81.0,102.05521,78.98477,125.12564,122.2031,88.41614,155.99007,110.88765682967127,85.38736874234922,136.38794491699332
FD003_92,FD003,14.0,13.465046,-9.605389,36.53548,11.909012,-21.877949,45.695972,12.782910472462586,-12.717377614859458,38.28319855978463
FD003_93,FD003,67.0,77.9343,54.86387,101.00474,68.691154,34.904194,102.47812,73.8822843872382,48.38199629991615,99.38257247456025
FD003_94,FD003,10.0,6.795028,-16.275406,29.865463,7.149143,-26.637817,40.936104,6.950265428052501,-18.550022659269544,32.450553515374544
FD003_95,FD003,125.0,97.15515,74.08472,120.225586,106.52408,72.73712,140.31104,101.26230900984747,75.76202092252542,126.76259709716952
FD003_96,FD003,113.0,93.54863,70.478195,116.619064,62.343494,28.556534,96.130455,79.86889780236292,54.368609715040876,105.36918588968497
FD003_97,FD003,123.0,124.09489,101.02445,147.16531,124.50602,90.719055,158.29298,124.27511950789327,98.77483142057122,149.7754075952153
FD003_98,FD003,17.0,15.964332,-7.106103,39.034767,17.507965,-16.278996,51.294926,16.641030886634866,-8.859257200687178,42.14131897395691
FD003_99,FD003,8.0,5.49189,-17.578545,28.562325,21.36728,-12.419682,55.15424,12.451355605876689,-13.048932481445355,37.95164369319873
FD003_100,FD003,28.0,23.68008,0.60964584,46.750515,26.448704,-7.338257,60.235664,24.893791712631092,-0.606496374690952,50.39407979995313
FD004_1,FD004,22.0,25.061743,1.9913082,48.13218,48.88822,15.101261,82.675186,35.506813507357684,10.00652542003564,61.007101594679725
FD004_2,FD004,39.0,39.65281,16.582375,62.723244,77.77862,43.991657,111.56558,56.366431377195205,30.86614328987316,81.86671946451725
FD004_3,FD004,107.0,114.28949,91.219055,137.35992,113.43521,79.648254,147.22217,113.91499043211437,88.41470234479232,139.4152785194364
FD004_4,FD004,75.0,94.98547,71.91504,118.05591,103.18963,69.402664,136.9766,98.58201758842645,73.0817295011044,124.0823056757485
FD004_5,FD004,125.0,84.76117,61.690735,107.831604,68.56951,34.78255,102.356476,77.6630575611887,52.162769473866646,103.16334564851074
FD004_6,FD004,78.0,84.73645,61.666016,107.806885,124.42705,90.64009,158.214,102.13604579150655,76.6357577041845,127.6363338788286
FD004_7,FD004,94.0,95.887924,72.81749,118.95836,71.99838,38.211422,105.78534,85.41520800727218,59.91491991995014,110.91549609459423
FD004_8,FD004,14.0,15.909139,-7.161296,38.979572,19.37196,-14.415001,53.15892,17.427172896248116,-8.073115191073928,42.92746098357016
FD004_9,FD004,99.0,80.4011,57.330666,103.471535,77.77377,43.986813,111.56073,79.24933048184576,53.74904239452371,104.74961856916781
FD004_10,FD004,125.0,121.05381,97.983376,144.12424,122.96707,89.180115,156.75403,121.89254717409946,96.39225908677741,147.3928352614215
FD004_11,FD004,125.0,119.21548,96.14504,142.28592,123.90871,90.12175,157.69566,121.27289873351884,95.7726106461968,146.7731868208409
FD004_12,FD004,7.0,15.959681,-7.110754,39.030113,19.110504,-14.676456,52.897465,17.340941100591646,-8.159346986730398,42.84122918791369
FD004_13,FD004,71.0,84.47454,61.404106,107.544975,95.33139,61.54443,129.11835,89.23397507147473,63.73368698415268,114.73426315879678
FD004_14,FD004,105.0,105.517296,82.44686,128.58774,124.469536,90.68257,158.2565,113.82559382127924,88.3253057339572,139.32588190860127
FD004_15,FD004,12.0,19.103634,-3.9668007,42.17407,40.25209,6.46513,74.03905,28.37471103044779,2.8744229431257473,53.87499911776983
FD004_16,FD004,125.0,125.7825,102.71207,148.85294,124.44563,90.658676,158.23259,125.19644384215002,99.69615575482797,150.69673192947207
FD004_17,FD004,125.0,104.74849,81.678055,127.818924,113.604645,79.81769,147.3916,108.63085779941063,83.13056971208859,134.13114588673267
FD004_18,FD004,104.0,113.47395,90.40352,136.54439,82.79766,49.0107,116.584625,100.02605586963494,74.5257677823129,125.52634395695699
FD004_19,FD004,125.0,121.68243,98.61199,144.75287,124.48417,90.697205,158.27113,122.91065657331549,97.41036848599344,148.41094466063754
FD004_20,FD004,82.0,101.3487,78.27827,124.419136,78.3907,44.60374,112.17766,91.28435516582712,65.78406707850507,116.78464325314917
FD004_21,FD004,91.0,102.9376,79.867165,126.00803,94.311615,60.524654,128.09857,99.15613339721907,73.65584530989702,124.65642148454111
FD004_22,FD004,11.0,12.899136,-10.171299,35.96957,25.022297,-8.764664,58.809258,18.21369665315493,-7.286591434167114,43.713984740476974
FD004_23,FD004,26.0,31.689924,8.61949,54.76036,36.31775,2.5307884,70.104706,33.71867373552014,8.218385648198097,59.21896182284219
FD004_24,FD004,125.0,118.122505,95.05207,141.19293,123.714584,89.92763,157.50154,120.5739652822162,95.07367719489415,146.07425336953824
FD004_25,FD004,39.0,44.441612,21.371178,67.51205,37.785892,3.998932,71.57285,41.52387254283114,16.0235844555091,67.02416063015319
FD004_26,FD004,92.0,94.41836,71.34792,117.48879,71.00562,37.218662,104.79259,84.15466453497606,58.654376447654016,109.65495262229811
FD004_27,FD004,76.0,80.95276,57.882324,104.02319,63.0286,29.241638,96.81556,73.0951513243065,47.59486323698445,98.59543941162855
FD004_28,FD004,124.0,108.48879,85.41836,131.55923,124.47238,90.685425,158.25934,115.49569090553811,89.99540281821606,140.99597899286016
FD004_29,FD004,64.0,73.710175,50.63974,96.78061,67.966286,34.179325,101.75325,71.19216401308456,45.69187592576252,96.69245210040661
FD004_30,FD004,118.0,113.44703,90.376595,136.51746,124.476685,90.68973,158.26364,118.28221821224398,92.78193012492193,143.78250629956602
FD004_31,FD004,6.0,8.777608,-14.292827,31.848042,13.6503105,-20.13665,47.43727,10.913707143872163,-14.586580943449881,36.41399523119421
FD004_32,FD004,22.0,29.725601,6.6551666,52.796036,27.303375,-6.4835854,61.090336,28.66374386411625,3.163455776794205,54.16403195143829
FD004_33,FD004,125.0,108.54849,85.47806,131.61893,124.619644,90.83269,158.4066,115.5937766626326,90.09348857531056,141.09406474995464
FD004_34,FD004,125.0,87.68297,64.61253,110.7534,86.443756,52.656796,120.23071,87.13972138534903,61.63943329802699,112.64000947267108
FD004_35,FD004,36.0,31.94683,8.876396,55.017265,22.196808,-11.590153,55.98377,27.672607990281683,2.1723199029596394,53.172896077603724
FD004_36,FD004,73.0,81.00765,57.937218,104.07809,78.74843,44.961468,112.535385,80.0172519026655,54.51696381534346,105.51753998998755
FD004_37,FD004,89.0,74.49929,51.428856,97.569725,60.46026,26.673298,94.24722,68.34484850191595,42.8445604145939,93.845136589238
FD004_38,FD004,11.0,11.70483,-11.365604,34.775265,14.124725,-19.662235,47.911686,12.765665732654492,-12.734622354667552,38.26595381997654
FD004_39,FD004,125.0,85.9846,62.91416,109.05503,107.48408,73.69711,141.27104,95.4095558566959,69.90926776937386,120.90984394401795
FD004_40,FD004,10.0,10.140751,-12.929684,33.211185,12.201996,-21.584965,45.988956,11.044361085834769,-14.455927001487275,36.54464917315681
FD004_41,FD004,97.0,85.84116,62.77073,108.9116,86.20552,52.41856,119.99248,86.00089074326048,60.50060265593844,111.50117883058253
FD004_42,FD004,30.0,24.883516,1.8130817,47.95395,25.81223,-7.9747314,59.59919,25.290646184443254,-0.20964190287878992,50.790934271765295
FD004_43,FD004,42.0,80.43703,57.366592,103.50746,61.84998,28.063019,95.63694,72.28882233318092,46.78853424585887,97.78911042050296
FD004_44,FD004,60.0,47.499554,24.42912,70.56999,32.645847,-1.1411133,66.43281,40.98797411693079,15.48768602960875,66.48826220425283
FD004_45,FD004,85.0,107.65904,84.58861,130.72948,89.18532,55.398357,122.972275,99.5605164333647,74.06022834604265,125.06080452068674
FD004_46,FD004,125.0,103.79498,80.72455,126.86542,124.38139,90.59444,158.16835,112.81966986679865,87.3193817794766,138.3199579541207
FD004_47,FD004,34.0,28.131573,5.061138,51.202007,31.936407,-1.8505535,65.723366,29.799539027478424,4.29925094015638,55.299827114800465
FD004_48,FD004,45.0,47.953533,24.883099,71.02397,47.25041,13.463448,81.03737,47.64529667798074,22.145008590658694,73.14558476530279
FD004_49,FD004,24.0,24.552708,1.4822731,47.623142,39.794487,6.0075264,73.58145,31.23441097060646,5.734122883284417,56.73469905792851
FD004_50,FD004,86.0,71.8283,48.757866,94.898735,102.91704,69.13008,136.704,85.45700584938109,59.95671776205904,110.95729393670314
FD004_51,FD004,119.0,122.472084,99.40165,145.54251,118.004555,84.21759,151.79152,120.51360501236375,95.0133169250417,146.0138930996858
FD004_52,FD004,125.0,125.64486,102.574425,148.7153,124.5939,90.806946,158.38086,125.18414007165453,99.68385198433248,150.68442815897657
FD004_53,FD004,125.0,122.70592,99.63548,145.77635,124.584595,90.79764,158.37155,123.52949343163914,98.02920534431709,149.0297815189612
FD004_54,FD004,125.0,101.494354,78.42392,124.56479,120.28594,86.49898,154.0729,109.7322254104464,84.23193732312436,135.23251349776845
FD004_55,FD004,125.0,125.53666,102.466225,148.60709,124.43808,90.65112,158.22504,125.05506312992861,99.55477504260656,150.55535121725066
FD004_56,FD004,67.0,77.94239,54.871956,101.012825,83.53903,49.75207,117.32599,80.3958505949743,54.89556250765226,105.89613868229635
FD004_57,FD004,97.0,119.32059,96.25015,142.39102,123.15844,89.371475,156.9454,121.00302796847366,95.50273988115161,146.5033160557957
FD004_58,FD004,8.0,8.5065365,-14.563898,31.576971,6.893097,-26.893864,40.680058,7.799235571058019,-17.701052516264024,33.29952365838006
FD004_59,FD004,125.0,126.76541,103.69498,149.83585,121.281265,87.49431,155.06822,124.36126705626562,98.86097896894357,149.86155514358765
FD004_60,FD004,125.0,119.12393,96.0535,142.19437,122.33525,88.548294,156.12221,120.53171243922844,95.0314243519064,146.0320005265505
FD004_61,FD004,51.0,57.424183,34.35375,80.49461,33.621605,-0.16535568,67.40857,46.98958990013789,21.489301812815842,72.48987798745993
FD004_62,FD004,33.0,32.388306,9.317871,55.45874,39.628273,5.8413124,73.41524,35.56216828593155,10.061880198609504,61.062456373253596
FD004_63,FD004,125.0,120.52995,97.45952,143.60039,121.85272,88.065765,155.63968,121.10982959760616,95.60954151028412,146.6101176849282
FD004_64,FD004,46.0,61.423225,38.35279,84.49366,38.813736,5.0267754,72.60069,51.511659506913794,26.01137141959175,77.01194759423583
FD004_65,FD004,12.0,21.761559,-1.308876,44.831993,23.0724,-10.714561,56.85936,22.336205876530336,-3.164082210791708,47.83649396385238
FD004_66,FD004,125.0,105.48238,82.41195,128.55283,120.28369,86.496735,154.07065,111.97099271594034,86.4707046286183,137.47128080326237
FD004_67,FD004,46.0,46.88506,23.814625,69.95549,49.51539,15.728428,83.30235,48.03814512577291,22.537857038450863,73.53843321309495
FD004_68,FD004,46.0,42.542034,19.4716,65.61247,30.474247,-3.3127136,64.26121,37.251748047398465,11.75145996007642,62.75203613472051
FD004_69,FD004,12.0,9.554157,-13.516277,32.62459,21.277092,-12.509869,55.064053,14.693266669665633,-10.807021417656411,40.19355475698768
FD004_70,FD004,33.0,39.49965,16.429214,62.570084,45.159317,11.372356,78.94627,41.98073877647508,16.480450689153034,67.48102686379713
FD004_71,FD004,15.0,25.063549,1.9931145,48.133984,10.632355,-23.154606,44.419315,18.73719064746658,-6.763097439855464,44.237478734788624
FD004_72,FD004,125.0,118.05563,94.9852,141.12607,124.595245,90.80829,158.3822,120.92247375471143,95.42218566738939,146.42276184203348
FD004_73,FD004,23.0,38.960827,15.890392,62.03126,40.561462,6.774502,74.34842,39.66251474506766,14.162226657745617,65.1628028323897
FD004_74,FD004,89.0,89.83494,66.7645,112.90537,113.99123,80.20427,147.77818,100.42459078761314,74.9243027002911,125.92487887493519
FD004_75,FD004,124.0,120.72845,97.65801,143.79889,124.077385,90.29042,157.86435,122.19655704930958,96.69626896198753,147.69684513663162
FD004_76,FD004,125.0,123.24445,100.17402,146.31488,124.52521,90.73825,158.31216,123.80591142268311,98.30562333536106,149.30619951000514
FD004_77,FD004,25.0,31.452324,8.381889,54.52276,45.277695,11.490734,79.06465,37.51310091451179,12.012812827189745,63.01338900183383
FD004_78,FD004,74.0,87.78632,64.71589,110.85676,123.66797,89.88101,157.45493,103.51614760240187,78.01585951507982,129.01643568972392
FD004_79,FD004,78.0,90.804436,67.734,113.87487,77.39444,43.60748,111.1814,84.92575104364201,59.42546295631996,110.42603913096406
FD004_80,FD004,114.0,95.0879,72.01746,118.15833,111.53467,77.74771,145.32162,102.29784619350235,76.7975581061803,127.7981342808244
FD004_81,FD004,96.0,117.03565,93.96522,140.10608,117.13667,83.34972,150.92363,117.07993774468699,91.57964965736494,142.58022583200903
FD004_82,FD004,10.0,15.334777,-7.7356577,38.405212,10.627647,-23.159313,44.414608,13.271261727860562,-12.229026359461482,38.77154981518261
FD004_83,FD004,125.0,116.25106,93.180626,139.3215,123.04042,89.25346,156.82738,119.22738552257823,93.72709743525618,144.72767360990028
FD004_84,FD004,125.0,125.589905,102.51947,148.66034,124.45135,90.66438,158.23831,125.09078307505834,99.59049498773629,150.5910711623804
FD004_85,FD004,115.0,95.79427,72.72384,118.86471,120.92018,87.133224,154.70714,106.8089887894806,81.30870070215855,132.30927687680264
FD004_86,FD004,70.0,72.58419,49.513756,95.654625,69.94679,36.159832,103.73375,71.42800584618053,45.92771775885848,96.92829393350257
FD004_87,FD004,94.0,108.85111,85.78068,131.92154,117.655136,83.86818,151.4421,112.71062726997505,87.210339182653,138.2109153572971
FD004_88,FD004,56.0,87.66186,64.59142,110.73229,96.570786,62.783825,130.35774,91.56736048450539,66.06707239718334,117.06764857182743
FD004_89,FD004,86.0,94.62062,71.550186,117.691055,97.746735,63.959774,131.53369,95.99104901234054,70.49076092501849,121.49133709966259
FD004_90,FD004,96.0,87.17989,64.10946,110.25033,66.27754,32.49058,100.0645,78.01670413380916,52.51641604648711,103.5169922211312
FD004_91,FD004,50.0,53.30739,30.236954,76.37782,42.36225,8.575291,76.149216,48.509250464649185,23.00896237732714,74.00953855197123
FD004_92,FD004,73.0,89.18559,66.11516,112.25603,86.63066,52.8437,120.41762,88.06555969432961,62.56527160700756,113.56584778165166
FD004_93,FD004,125.0,124.678375,101.60794,147.74881,123.84624,90.05928,157.6332,124.31358190137877,98.81329381405672,149.81386998870082
FD004_94,FD004,125.0,121.66739,98.596954,144.73782,124.44507,90.65811,158.23203,122.88507023131189,97.38478214398984,148.38535831863393
FD004_95,FD004,125.0,129.4255,106.35507,152.49594,113.62468,79.83772,147.41164,122.49872752006718,96.99843943274513,147.99901560738923
FD004_96,FD004,71.0,80.71601,57.645576,103.786446,95.7454,61.95844,129.53236,87.30460625496883,61.804318167646784,112.80489434229088
FD004_97,FD004,105.0,103.15651,80.086075,126.226944,124.394684,90.60773,158.18164,112.4669171379897,86.96662905066765,137.96720522531174
FD004_98,FD004,113.0,121.78004,98.7096,144.85046,114.080215,80.29326,147.86717,118.4045830882858,92.90429500096376,143.90487117560784
FD004_99,FD004,37.0,36.535763,13.465328,59.606197,46.176468,12.389507,79.963425,40.76206273128126,15.261774643959217,66.26235081860331
FD004_100,FD004,7.0,16.66011,-6.410324,39.730545,13.535683,-20.251278,47.322643,15.290421341015719,-10.209866746306325,40.79070942833776
FD004_101,FD004,13.0,18.789318,-4.2811165,41.859753,21.064846,-12.722115,54.851807,19.786865832268496,-5.713422255053548,45.28715391959054
FD004_102,FD004,22.0,22.150307,-0.92012787,45.22074,5.3694,-28.41756,39.15636,14.793879536004262,-10.706408551317782,40.2941676233263
FD004_103,FD004,9.0,8.944068,-14.126367,32.014503,8.393635,-25.393326,42.180595,8.702768630689594,-16.79751945663245,34.20305671801164
FD004_104,FD004,120.0,124.80099,101.73055,147.87143,124.24629,90.459335,158.03325,124.55781955331128,99.05753146598923,150.05810764063332
FD004_105,FD004,100.0,75.76066,52.690224,98.83109,89.14347,55.35651,122.930435,81.62742621188798,56.12713812456593,107.12771429921003
FD004_106,FD004,107.0,81.31392,58.243484,104.38435,74.65417,40.867207,108.44113,78.39441175602113,52.89412366869908,103.89469984334318
FD004_107,FD004,41.0,55.13854,32.068104,78.20897,38.496895,4.709934,72.28386,47.84316148633161,22.342873399009566,73.34344957365366
FD004_108,FD004,125.0,124.03494,100.96451,147.10538,124.60784,90.82088,158.3948,124.28609048522148,98.78580239789943,149.78637857254353
FD004_109,FD004,125.0,123.918594,100.84816,146.98903,124.47432,90.68736,158.26128,124.1622135689953,98.66192548167325,149.66250165631735
FD004_110,FD004,59.0,56.31605,33.245617,79.38649,61.578922,27.791962,95.36588,58.62319294952695,33.122904862204905,84.123481036849
FD004_111,FD004,18.0,22.862516,-0.20791817,45.932953,28.235874,-5.5510864,62.022835,25.21809324127294,-0.28219484604910505,50.71838132859499
FD004_112,FD004,66.0,109.64061,86.570175,132.71104,80.38211,46.59515,114.16907,96.81424570259892,71.31395761527688,122.31453378992097
FD004_113,FD004,13.0,14.153545,-8.916889,37.22398,22.485004,-11.301956,56.271965,17.805896997463357,-7.694391089858687,43.3061850847854
FD004_114,FD004,14.0,21.80395,-1.2664852,44.874382,26.842556,-6.9444046,60.629517,24.01277772891413,-1.4875103584079135,49.51306581623618
FD004_115,FD004,125.0,112.91959,89.84916,135.99002,72.23381,38.44685,106.02077,95.08372785247568,69.58343976515363,120.58401593979772
FD004_116,FD004,13.0,17.388266,-5.682169,40.458702,13.704102,-20.082859,47.491062,15.77319885553495,-9.727089231787094,41.27348694285699
FD004_117,FD004,75.0,99.91157,76.84113,122.982,86.66447,52.877506,120.45143,94.10429312965303,68.60400504233098,119.60458121697508
FD004_118,FD004,8.0,19.474915,-3.59552,42.54535,23.124367,-10.662594,56.911327,21.074764302042333,-4.425523785279712,46.57505238936437
FD004_119,FD004,109.0,78.468155,55.39772,101.53859,85.647446,51.860485,119.4344,81.61541808419797,56.11512999687592,107.11570617152002
FD004_120,FD004,125.0,96.76727,73.69684,119.83771,124.44884,90.66188,158.2358,108.90233905437397,83.40205096705192,134.402627141696
FD004_121,FD004,41.0,33.36325,10.292816,56.433685,25.834347,-7.952614,59.621307,30.06272384833219,4.562435761010146,55.56301193565423
FD004_122,FD004,125.0,121.06123,97.9908,144.13167,124.37605,90.589096,158.16301,122.51438664751953,97.01409856019748,148.01467473484158
FD004_123,FD004,23.0,25.573301,2.5028667,48.643738,28.139488,-5.6474724,61.92645,26.698268364019434,1.1979802766973897,52.198556451341474
FD004_124,FD004,86.0,61.332157,38.261723,84.40259,82.634995,48.848034,116.42195,70.6709118615434,45.170623774221355,96.17119994886545
FD004_125,FD004,125.0,107.47318,84.40275,130.54361,124.30034,90.51338,158.0873,114.8498846879587,89.34959660063666,140.35017277528075
FD004_126,FD004,15.0,22.100368,-0.9700661,45.170803,20.133278,-13.653683,53.92024,21.238033760955464,-4.26225432636658,46.73832184827751
FD004_127,FD004,125.0,110.24356,87.17313,133.314,118.461334,84.67438,152.24829,113.84607482196495,88.3457867346429,139.346362909287
FD004_128,FD004,125.0,117.852585,94.78215,140.92302,108.29422,74.50726,142.08118,113.66238127431507,88.16209318699302,139.1626693616371
FD004_129,FD004,120.0,105.43573,82.365295,128.50616,123.87982,90.092865,157.66678,113.52126555670552,88.02097746938347,139.02155364402756
FD004_130,FD004,125.0,115.49104,92.42061,138.56148,107.30093,73.51396,141.08789,111.90065316244284,86.40036507512079,137.40094124976488
FD004_131,FD004,101.0,102.69349,79.623055,125.76392,94.114555,60.327595,127.90152,98.93264931477941,73.43236122745736,124.43293740210146
FD004_132,FD004,116.0,106.65618,83.58575,129.72662,124.50949,90.722534,158.29645,114.48272935785116,88.98244127052911,139.9830174451732
FD004_133,FD004,125.0,121.7743,98.703865,144.84473,124.59742,90.810455,158.38438,123.01190125547635,97.5116131681543,148.5121893427984
FD004_134,FD004,36.0,47.29185,24.221416,70.36229,43.64782,9.860859,77.434784,45.69437761654417,20.19408952922213,71.19466570386622
FD004_135,FD004,7.0,13.585602,-9.484833,36.656036,14.215584,-19.571377,48.002544,13.861773812617283,-11.638514274704761,39.36206189993933
FD004_136,FD004,122.0,114.40449,91.33405,137.47491,124.1638,90.37685,157.95076,118.68278406755746,93.18249598023542,144.1830721548795
FD004_137,FD004,125.0,99.206085,76.13565,122.27652,114.63716,80.850204,148.42412,105.97077255072723,80.47048446340519,131.47106063804927
FD004_138,FD004,88.0,92.06343,68.993,115.133865,74.732704,40.945744,108.51967,84.46597311676851,58.96568502944646,109.96626120409056
FD004_139,FD004,125.0,123.53813,100.4677,146.60857,124.37401,90.58705,158.16096,123.90456390083875,98.4042758135167,149.4048519881608
FD004_140,FD004,125.0,110.72778,87.65735,133.79822,121.24688,87.459915,155.03384,115.33915300667304,89.838864919351,140.83944109399508
FD004_141,FD004,125.0,104.550285,81.47985,127.62072,124.65208,90.86511,158.43904,113.36252457313884,87.8622364858168,138.8628126604609
FD004_142,FD004,108.0,124.72449,101.65405,147.79492,124.240814,90.45386,158.02777,124.51245430975095,99.0121662224289,150.012742397073
FD004_143,FD004,53.0,57.118546,34.04811,80.18898,36.87275,3.0857887,70.65971,48.24317735056907,22.742889263247026,73.74346543789112
FD004_144,FD004,125.0,124.242714,101.17228,147.31314,124.5904,90.80344,158.37737,124.39513312888593,98.89484504156388,149.89542121620798
FD004_145,FD004,59.0,80.51585,57.44541,103.58628,73.174164,39.387203,106.96112,77.2973936897481,51.79710560242606,102.79768177707015
FD004_146,FD004,100.0,121.889275,98.81884,144.95972,124.466034,90.67908,158.25299,123.01887639764225,97.5185883103202,148.51916448496428
FD004_147,FD004,56.0,70.873726,47.80329,93.94416,89.2181,55.43114,123.005066,78.91554780649099,53.415259719168944,104.41583589381304
FD004_148,FD004,125.0,118.5617,95.491264,141.63214,122.79965,89.012695,156.58661,120.41953618924418,94.91924810192214,145.91982427656623
FD004_149,FD004,76.0,66.733795,43.66336,89.80423,68.708984,34.922024,102.49594,67.59968017650706,42.09939208918502,93.09996826382911
FD004_150,FD004,57.0,53.427395,30.35696,76.49783,43.39248,9.605518,77.17944,49.02828047290319,23.527992385581147,74.52856856022524
FD004_151,FD004,31.0,26.832111,3.7616768,49.902546,18.812832,-14.974129,52.599792,23.31661326606892,-2.183674821253124,48.81690135339096
FD004_152,FD004,88.0,88.96916,65.89873,112.0396,108.373,74.586044,142.15996,97.47543235171483,71.97514426439278,122.97572043903688
FD004_153,FD004,125.0,110.08844,87.018005,133.15887,118.79315,85.006195,152.58011,113.90441844754062,88.40413036021857,139.40470653486267
FD004_154,FD004,34.0,31.013866,7.943432,54.0843,27.381065,-6.405895,61.168026,29.421316219192725,3.921028131870681,54.921604306514766
FD004_155,FD004,7.0,9.960389,-13.110045,33.030823,13.464798,-20.322163,47.25176,11.496654659699832,-14.003633427622212,36.996942747021876
FD004_156,FD004,125.0,112.03044,88.96001,135.10088,122.043625,88.25667,155.83058,116.4200286420334,90.91974055471135,141.92031672935545
FD004_157,FD004,125.0,115.496414,92.42598,138.56685,124.48656,90.6996,158.27351,119.43752011840621,93.93723203108416,144.93780820572826
FD004_158,FD004,6.0,10.133016,-12.937419,33.20345,8.72501,-25.06195,42.51197,9.515772971898972,-15.984515115423072,35.016061059221016
FD004_159,FD004,22.0,26.057526,2.987091,49.12796,22.412674,-11.374287,56.199635,24.459692665256497,-1.0405954220655467,49.959980752578545
FD004_160,FD004,83.0,122.31263,99.242195,145.38306,124.23917,90.45221,158.02612,123.15718632341208,97.65689823609003,148.65747441073412
FD004_161,FD004,82.0,103.54258,80.472145,126.613014,99.77354,65.98657,133.5605,101.89030360780714,76.3900155204851,127.39059169512919
FD004_162,FD004,84.0,99.29703,76.22659,122.36746,70.91529,37.12833,104.702255,86.8550193405764,61.35473125325436,112.35530742789845
FD004_163,FD004,95.0,101.77253,78.702095,124.842964,109.72138,75.93442,143.50835,105.25715387646147,79.75686578913943,130.75744196378352
FD004_164,FD004,125.0,125.12366,102.05322,148.19409,124.20044,90.41348,157.9874,124.71893628752403,99.21864820020198,150.21922437484608
FD004_165,FD004,111.0,106.06575,82.995316,129.13618,124.107574,90.32062,157.89453,113.974939372182,88.47465128485996,139.47522745950405
FD004_166,FD004,72.0,112.426895,89.35646,135.49733,92.37503,58.58807,126.16199,103.6365428394679,78.13625475214585,129.13683092678994
FD004_167,FD004,109.0,124.21729,101.14686,147.28772,124.58423,90.79727,158.37119,124.3781503616978,98.87786227437576,149.87843844901985
FD004_168,FD004,87.0,105.38205,82.311615,128.45248,96.59343,62.80647,130.38039,101.52928736335451,76.02899927603247,127.02957545067656
FD004_169,FD004,125.0,128.84094,105.77051,151.91138,124.46719,90.68024,158.25415,126.92357492736973,101.42328684004768,152.42386301469176
FD004_170,FD004,125.0,126.5344,103.46397,149.60483,124.39053,90.60358,158.17749,125.59457060979176,100.09428252246971,151.0948586971138
FD004_171,FD004,125.0,104.43229,81.361855,127.50272,54.817688,21.030727,88.604645,82.68220096533909,57.181912878017044,108.18248905266114
FD004_172,FD004,12.0,26.013723,2.9432888,49.08416,24.29478,-9.49218,58.08174,25.260171935902367,-0.24011615141967724,50.76046002322441
FD004_173,FD004,8.0,7.2282615,-15.842173,30.298697,6.802849,-26.984112,40.58981,7.041768734070729,-18.458519353251315,32.54205682139278
FD004_174,FD004,10.0,9.196442,-13.873993,32.266876,18.101467,-15.685493,51.888428,13.100233777235402,-12.400054310086642,38.60052186455745
FD004_175,FD004,123.0,90.778885,67.70845,113.84932,68.89427,35.10731,102.68123,81.18509088404026,55.684802796718216,106.68537897136231
FD004_176,FD004,103.0,95.50377,72.433334,118.5742,78.55579,44.768833,112.34276,88.07410214196851,62.57381405464646,113.57439022929056
FD004_177,FD004,12.0,13.616699,-9.453735,36.687134,29.717632,-4.0693283,63.504593,20.675039017849357,-4.825249069472687,46.175327105171405
FD004_178,FD004,106.0,118.83031,95.75987,141.90074,116.2534,82.466446,150.04036,117.70064165934127,92.20035357201922,143.20092974666332
FD004_179,FD004,12.0,15.706769,-7.3636656,38.777203,8.752983,-25.033978,42.539944,12.658362818454927,-12.841925268867117,38.15865090577697
FD004_180,FD004,32.0,27.77263,4.702196,50.843063,26.200577,-7.586384,59.987537,27.08347245313921,1.5831843658171643,52.583760540461256
FD004_181,FD004,37.0,18.968405,-4.10203,42.03884,24.342205,-9.444756,58.129166,21.324175593613305,-4.1761124937087395,46.82446368093535
FD004_182,FD004,116.0,115.21069,92.14026,138.28113,124.30766,90.520706,158.09462,119.19863010264845,93.6983420153264,144.6989181899705
FD004_183,FD004,15.0,23.780159,0.7097244,46.850594,5.8592873,-27.927673,39.646248,15.92399304581457,-9.576295041507475,41.42428113313662
FD004_184,FD004,10.0,11.289781,-11.780654,34.360214,10.110508,-23.676453,43.89747,10.772810137314067,-14.727477950007977,36.273098224636115
FD004_185,FD004,46.0,53.17443,30.103996,76.244865,85.6593,51.87234,119.44626,67.41517429662191,41.914886209299866,92.91546238394396
FD004_186,FD004,125.0,107.78432,84.71388,130.85475,115.415436,81.62848,149.2024,111.1296529115068,85.62936482418475,136.62994099882883
FD004_187,FD004,24.0,31.75965,8.689215,54.830086,43.230095,9.443134,77.01706,36.788072321998,11.287784234675957,62.28836040932005
FD004_188,FD004,125.0,116.88597,93.81554,139.9564,70.08616,36.2992,103.87312,96.36983226365254,70.86954417633049,121.87012035097459
FD004_189,FD004,56.0,98.39953,75.329094,121.46996,117.59195,83.80499,151.3789,106.81311721089884,81.31282912357679,132.31340529822089
FD004_190,FD004,43.0,59.915077,36.844643,82.98551,55.71016,21.923199,89.497116,58.0717219652885,32.571433877966456,83.57201005261055
FD004_191,FD004,125.0,122.48446,99.414024,145.5549,124.538666,90.75171,158.32562,123.38498374909656,97.88469566177451,148.8852718364186
FD004_192,FD004,71.0,82.41685,59.346413,105.48728,106.88913,73.10217,140.67609,93.14502578256158,67.64473769523953,118.64531386988362
FD004_193,FD004,104.0,88.12686,65.05643,111.197296,72.385574,38.598614,106.17253,81.22618360301061,55.72589551568856,106.72647169033266
FD004_194,FD004,15.0,52.10406,29.033627,75.1745,11.952091,-21.83487,45.73905,34.50220874297632,9.001920655654278,60.00249683029837
FD004_195,FD004,125.0,122.73458,99.66415,145.80502,124.56699,90.78003,158.35396,123.53787553365285,98.0375874463308,149.0381636209749
FD004_196,FD004,89.0,107.865814,84.79538,130.93625,107.01441,73.22745,140.80138,107.49257580167247,81.99228771435043,132.99286388899452
FD004_197,FD004,36.0,31.516552,8.446117,54.586987,37.14328,3.3563194,70.93024,33.983201475823485,8.48291338850144,59.483489563145525
FD004_198,FD004,11.0,7.628345,-15.442089,30.69878,17.326916,-16.460045,51.113876,11.880012133277411,-13.620275954044633,37.38030022059945
FD004_199,FD004,92.0,67.657425,44.58699,90.72786,52.09095,18.30399,85.877914,60.83338131949695,35.3330932321749,86.333669406819
FD004_200,FD004,96.0,99.736565,76.66613,122.807,77.46905,43.682087,111.25601,89.97491285054065,64.4746247632186,115.4752009378627
FD004_201,FD004,59.0,83.85727,60.786835,106.927704,88.336754,54.549793,122.12372,85.82098927704683,60.32070118972479,111.32127736436888
FD004_202,FD004,13.0,9.056126,-14.014309,32.12656,7.1736717,-26.613289,40.960632,8.230894000518626,-17.269394086803416,33.73118208784067
FD004_203,FD004,125.0,122.21209,99.141655,145.28253,124.55788,90.77092,158.34483,123.24043752352844,97.7401494362064,148.7407256108505
FD004_204,FD004,125.0,81.01862,57.94819,104.08906,59.878403,26.091442,93.66536,71.75115667634962,46.250868589027576,97.25144476367167
FD004_205,FD004,125.0,106.72075,83.650314,129.79118,124.32159,90.53462,158.10855,114.43661808175321,88.93632999443116,139.93690616907526
FD004_206,FD004,109.0,109.22804,86.15761,132.29848,116.873604,83.08664,150.66057,112.57970978742182,87.07942170009977,138.07999787474387
FD004_207,FD004,116.0,121.49121,98.42078,144.56165,123.87966,90.0927,157.66663,122.53826181392506,97.03797372660301,148.0385499012471
FD004_208,FD004,91.0,96.52452,73.45409,119.594955,123.62815,89.84119,157.41512,108.40623169809722,82.90594361077517,133.90651978541925
FD004_209,FD004,11.0,18.109365,-4.961069,41.179802,16.044601,-17.74236,49.831562,17.20421257489769,-8.296075512424355,42.70450066221973
FD004_210,FD004,88.0,96.51165,73.441216,119.582085,115.87941,82.09245,149.66637,105.00210393094562,79.50181584362358,130.50239201826767
FD004_211,FD004,108.0,103.95209,80.88165,127.02252,116.59541,82.80846,150.38237,109.49467858707044,83.99439049974839,134.9949666743925
FD004_212,FD004,76.0,75.523384,52.45295,98.59382,66.7394,32.952442,100.52637,71.67265540169797,46.17236731437592,97.17294348902001
FD004_213,FD004,14.0,20.349638,-2.7207966,43.420074,22.16362,-11.623341,55.95058,21.14485285604712,-4.3554352312749245,46.645140943369164
FD004_214,FD004,89.0,91.57925,68.50881,114.64968,97.46322,63.676258,131.25018,94.15866690220234,68.6583788148803,119.65895498952439
FD004_215,FD004,125.0,121.25282,98.18239,144.32326,124.23011,90.443146,158.01707,122.5580084383314,97.05772035100935,148.05829652565345
FD004_216,FD004,17.0,15.095078,-7.975356,38.165512,20.860378,-12.926582,54.64734,17.622475161538194,-7.87781292578385,43.12276324886024
FD004_217,FD004,66.0,80.23561,57.165176,103.306046,51.739723,17.952763,85.52669,67.74356110834327,42.243273021021224,93.24384919566532
FD004_218,FD004,125.0,113.95709,90.88666,137.02753,111.34701,77.56004,145.13397,112.8128813591554,87.31259327183335,138.31316944647745
FD004_219,FD004,41.0,51.97841,28.907974,75.04884,56.633816,22.846855,90.42078,54.01924980180106,28.518961714479016,79.5195378891231
FD004_220,FD004,125.0,116.80205,93.73161,139.87248,119.23286,85.44589,153.01982,117.86766771418729,92.36737962686524,143.36795580150934
FD004_221,FD004,73.0,71.76643,48.696,94.83687,68.48164,34.694683,102.2686,70.3264448557666,44.82615676844455,95.82673294308864
FD004_222,FD004,39.0,43.448715,20.37828,66.51915,59.86446,26.0775,93.65142,50.64506241441816,25.14477432709612,76.14535050174021
FD004_223,FD004,58.0,52.72966,29.659225,75.800095,50.12603,16.33907,83.912994,51.58827862287559,26.087990535553548,77.08856671019764
FD004_224,FD004,14.0,16.541067,-6.5293674,39.611504,16.680408,-17.106552,50.46737,16.602151696750088,-8.898136390571956,42.10243978407213
FD004_225,FD004,125.0,114.18651,91.11607,137.25694,124.34378,90.55682,158.13074,118.63926127481898,93.13897318749693,144.13954936214103
FD004_226,FD004,88.0,99.69773,76.6273,122.768166,63.98355,30.19659,97.77051,84.04132049446288,58.54103240714083,109.54160858178493
FD004_227,FD004,125.0,122.67137,99.60094,145.7418,124.57597,90.78902,158.36293,123.50631241610898,98.00602432878694,149.00660050343103
FD004_228,FD004,125.0,124.16418,101.09374,147.23462,124.513824,90.72687,158.30078,124.31745569864634,98.8171676113243,149.8177437859684
FD004_229,FD004,120.0,115.331276,92.26084,138.4017,124.450165,90.66321,158.23712,119.32882166161178,93.82853357428974,144.82910974893383
FD004_230,FD004,98.0,107.18931,84.11887,130.25974,105.80151,72.01456,139.58847,106.58092571631849,81.08063762899644,132.08121380364054
FD004_231,FD004,33.0,29.675953,6.6055183,52.746387,28.995209,-4.791752,62.78217,29.377527742238414,3.8772396549163695,54.87781582956046
FD004_232,FD004,125.0,124.13052,101.06009,147.20096,124.54643,90.759476,158.33339,124.31285011684113,98.81256202951909,149.81313820416318
FD004_233,FD004,110.0,115.3329,92.26247,138.40334,105.90285,72.11589,139.6898,111.1989465831978,85.69865849587575,136.69923467051984
FD004_234,FD004,68.0,58.585533,35.5151,81.65597,63.735233,29.948273,97.522194,60.84306278073849,35.342774693416445,86.34335086806054
FD004_235,FD004,24.0,33.344494,10.274059,56.41493,22.021698,-11.765263,55.80866,28.38079764168078,2.880509554358735,53.88108572900282
FD004_236,FD004,75.0,92.1708,69.100365,115.241234,94.451675,60.664715,128.23863,93.17069155351669,67.67040346619464,118.67097964083874
FD004_237,FD004,18.0,11.195892,-11.874542,34.266327,12.122593,-21.664368,45.909554,11.602140073801895,-13.89814801352015,37.10242816112394
FD004_238,FD004,16.0,20.329533,-2.740902,43.399967,16.792152,-16.994808,50.579113,18.778813080231092,-6.721475007090952,44.27910116755314
FD004_239,FD004,125.0,118.02266,94.952225,141.0931,109.38039,75.59343,143.16734,114.23405283850565,88.7337647511836,139.7343409258277
FD004_240,FD004,98.0,44.9609,21.890465,68.031334,40.12732,6.3403587,73.914276,42.84195071520996,17.341662627887917,68.34223880253201
FD004_241,FD004,125.0,111.19627,88.12584,134.26671,121.621704,87.83475,155.40866,115.76658219835565,90.2662941110336,141.2668702856777
FD004_242,FD004,81.0,116.7126,93.642166,139.78304,79.1037,45.31674,112.890656,100.2255804593819,74.72529237205985,125.72586854670395
FD004_243,FD004,118.0,106.25466,83.18423,129.3251,123.711296,89.92433,157.49826,113.90731483348999,88.40702674616794,139.40760292081202
FD004_244,FD004,35.0,35.777897,12.707462,58.84833,41.830086,8.043125,75.61705,38.43106023487678,12.930772147554737,63.93134832219883
FD004_245,FD004,125.0,121.72598,98.65555,144.79642,124.573685,90.78673,158.36064,122.9743605367338,97.47407244941175,148.47464862405585
FD004_246,FD004,125.0,125.19239,102.121956,148.26282,124.30148,90.51453,158.08844,124.80183379924,99.30154571191795,150.30212188656205
FD004_247,FD004,112.0,108.90303,85.832596,131.97346,84.347885,50.560925,118.13484,98.13852635835485,72.6382382710328,123.6388144456769
FD004_248,FD004,26.0,39.547264,16.47683,62.6177,30.233555,-3.5534058,64.020515,35.464312854354574,9.96402476703253,60.96460094167662
